channel_id,handle,subscribers,youtube_channel_url,youtube_channel_videos_url
UCAiLfjNXkNv24uhpzUgPa6A,@MrBeast,334000000,https://www.youtube.com/@MrBeast,https://www.youtube.com/@MrBeast/videos
UChz5aEi3dfrDVC8-YJsMUDA,@tseries,280000000,https://www.youtube.com/@tseries,https://www.youtube.com/@tseries/videos
client,@SETIndia,179000000,https://www.youtube.com/@SETIndia,https://www.youtube.com/@SETIndia/videos
UCx790OVgpTC1UVBQIqu3gnQ,@KidsDianaShow,128000000,https://www.youtube.com/@KidsDianaShow,https://www.youtube.com/@KidsDianaShow/videos
UCP9MW9ATjUwwulqEYTbp-Mw,@VladandNiki,128000000,https://www.youtube.com/@VladandNiki,https://www.youtube.com/@VladandNiki/videos
UC65k85L-snOe2AaDxhLHVtQ,@LikeNastyaofficial,123000000,https://www.youtube.com/@LikeNastyaofficial,https://www.youtube.com/@LikeNastyaofficial/videos
client,@zeemusiccompany,112000000,https://www.youtube.com/@zeemusiccompany,https://www.youtube.com/@zeemusiccompany/videos
UCQ4zIVlfhsmvds7WuKeL2Bw,@PewDiePie,110000000,https://www.youtube.com/@PewDiePie,https://www.youtube.com/@PewDiePie/videos
client,@WWE,105000000,https://www.youtube.com/@WWE,https://www.youtube.com/@WWE/videos
client,@GoldminesTelefilms,101000000,https://www.youtube.com/@GoldminesTelefilms,https://www.youtube.com/@GoldminesTelefilms/videos
UCUdKQXtKb1me2Gt1nz6tzdg,@StokesTwins,100000000,https://www.youtube.com/@StokesTwins,https://www.youtube.com/@StokesTwins/videos
UCQi67q4kGdmnJaRzX81uK5g,@BLACKPINK,95300000,https://www.youtube.com/@BLACKPINK,https://www.youtube.com/@BLACKPINK/videos
client,@zeetv,85900000,https://www.youtube.com/@zeetv,https://www.youtube.com/@zeetv/videos
UC295-Dw_tDNtZXFeAPAW6Aw,@5MinuteCraftsYouTube,81100000,https://www.youtube.com/@5MinuteCraftsYouTube,https://www.youtube.com/@5MinuteCraftsYouTube/videos
client,@colorstv,77400000,https://www.youtube.com/@colorstv,https://www.youtube.com/@colorstv/videos
UCz8gf4PK1Qth50lLHdvTCcA,@kimpro828,71200000,https://www.youtube.com/@kimpro828,https://www.youtube.com/@kimpro828/videos
UC2tsySbe9TNrI-xh2lximHA,@A4a4a4a4,70900000,https://www.youtube.com/@A4a4a4a4,https://www.youtube.com/@A4a4a4a4/videos
UCtxD0x6AuNNqdXO9Wp5GHew,@cristiano,70400000,https://www.youtube.com/@cristiano,https://www.youtube.com/@cristiano/videos
UCF1JIbMUs6uqoZEY1Haw0GQ,@filmigaane,70200000,https://www.youtube.com/@filmigaane,https://www.youtube.com/@filmigaane/videos
UCCMeCQ4wtdwQuoH7TNThL1A,@AlanChikinChow,68700000,https://www.youtube.com/@AlanChikinChow,https://www.youtube.com/@AlanChikinChow/videos
UCrnQFuUabBHaw-BRhPo8xEA,@zamzamelectronicstradingllc,68600000,https://www.youtube.com/@zamzamelectronicstradingllc,https://www.youtube.com/@zamzamelectronicstradingllc/videos
UCaBTm46K3l59CIty88Q_jog,@toysandcolors,67500000,https://www.youtube.com/@toysandcolors,https://www.youtube.com/@toysandcolors/videos
UCU_AsfgtKjwR4qaSwgsWn-w,@infobellshindirhymes,66400000,https://www.youtube.com/@infobellshindirhymes,https://www.youtube.com/@infobellshindirhymes/videos
UCE0Wkd9Jcn2-TNo5G8bLQrA,@MOVIECLIPS,62700000,https://www.youtube.com/@MOVIECLIPS,https://www.youtube.com/@MOVIECLIPS/videos
client,@yrf,62700000,https://www.youtube.com/@yrf,https://www.youtube.com/@yrf/videos
UC62pPLZqx8JIrtW1kT5NPWA,@HarPalGeoOfficial,62500000,https://www.youtube.com/@HarPalGeoOfficial,https://www.youtube.com/@HarPalGeoOfficial/videos
UCL5nlHWXVLeOsSjKH2fhmsg,@KLBROBijuRithvik1,61800000,https://www.youtube.com/@KLBROBijuRithvik1,https://www.youtube.com/@KLBROBijuRithvik1/videos
client,@TaylorSwift,60300000,https://www.youtube.com/@TaylorSwift,https://www.youtube.com/@TaylorSwift/videos
UC6ApcZBKUPwuL4QcGeWaTZw,@ARYDigitalasia,59600000,https://www.youtube.com/@ARYDigitalasia,https://www.youtube.com/@ARYDigitalasia/videos
UC5WwPdvAHvdS1ZK_v6AE90A,@LooLooKids,59200000,https://www.youtube.com/@LooLooKids,https://www.youtube.com/@LooLooKids/videos
UCoQm-PeHC-cbJclKJYJ8LzA,@fedevigevani,59200000,https://www.youtube.com/@fedevigevani,https://www.youtube.com/@fedevigevani/videos
UChcKNyCgqM44l08XWTGQ4XQ,@BillionSurpriseToys,57600000,https://www.youtube.com/@BillionSurpriseToys,https://www.youtube.com/@BillionSurpriseToys/videos
UCDpenlfHFtjdGpqi8slPybg,@marshmello,57500000,https://www.youtube.com/@marshmello,https://www.youtube.com/@marshmello/videos
UCQ8TuCvcDMepleXFyOQfyOQ,@YOLOAVENTURAS,56000000,https://www.youtube.com/@YOLOAVENTURAS,https://www.youtube.com/@YOLOAVENTURAS/videos
UCJbJuOSf-ec7jsPzvQBVC3w,@PANDABOI,55700000,https://www.youtube.com/@PANDABOI,https://www.youtube.com/@PANDABOI/videos
client,@EdSheeran,55500000,https://www.youtube.com/@EdSheeran,https://www.youtube.com/@EdSheeran/videos
UCDGmojLIoWpXok597xYo8cg,@BillieEilish,53800000,https://www.youtube.com/@BillieEilish,https://www.youtube.com/@BillieEilish/videos
UCkuZJIhMYCnOa0dnWeHuN2w,@ShriPrashant,53700000,https://www.youtube.com/@ShriPrashant,https://www.youtube.com/@ShriPrashant/videos
UCtV9MJJh8uErNje2amzl4DA,@getmovies,53400000,https://www.youtube.com/@getmovies,https://www.youtube.com/@getmovies/videos
UCqJ5zFEED1hWs0KNQCQuYdQ,@Mikecrack,53200000,https://www.youtube.com/@Mikecrack,https://www.youtube.com/@Mikecrack/videos
client,@sonymusicindiaVEVO,53000000,https://www.youtube.com/@sonymusicindiaVEVO,https://www.youtube.com/@sonymusicindiaVEVO/videos
client,@AlejoIgoa,52700000,https://www.youtube.com/@AlejoIgoa,https://www.youtube.com/@AlejoIgoa/videos
UCrcUbwWMAshF6M6UJcwOK7g,@JessNoLimit,52400000,https://www.youtube.com/@JessNoLimit,https://www.youtube.com/@JessNoLimit/videos
UCYbv0jZqHIMW4XjE9vDRLTw,@JuegaGerman,51700000,https://www.youtube.com/@JuegaGerman,https://www.youtube.com/@JuegaGerman/videos
UC_nG9utuUtB_fxoMSx7j4sQ,@JioCinemaKidsPremium,50300000,https://www.youtube.com/@JioCinemaKidsPremium,https://www.youtube.com/@JioCinemaKidsPremium/videos
client,@starplus,49900000,https://www.youtube.com/@starplus,https://www.youtube.com/@starplus/videos
UCSgiKiHFAV640il9waFg9cw,@MashaBearEN,49900000,https://www.youtube.com/@MashaBearEN,https://www.youtube.com/@MashaBearEN/videos
UCxk7r8lH6fWkMuWeQn9Gi6g,@luccastoon,49800000,https://www.youtube.com/@luccastoon,https://www.youtube.com/@luccastoon/videos
UCLlwze6M26ECq0qYwz1OhKw,@beterbocuk,49800000,https://www.youtube.com/@beterbocuk,https://www.youtube.com/@beterbocuk/videos
UCgKEvLp8DXCTMq4QY6wW7bw,@realfoolsshorts63,49000000,https://www.youtube.com/@realfoolsshorts63,https://www.youtube.com/@realfoolsshorts63/videos
UCogFEsMS-SZvtsd3_QnMbuQ,@topperguild,48700000,https://www.youtube.com/@topperguild,https://www.youtube.com/@topperguild/videos
UCmBA_wu8xGg1OfOkfW13Q0Q,@BadBunnyPR,48400000,https://www.youtube.com/@BadBunnyPR,https://www.youtube.com/@BadBunnyPR/videos
UCwosQ1lgv4kez9V4xUbJWKQ,@Fernanfloo,48100000,https://www.youtube.com/@Fernanfloo,https://www.youtube.com/@Fernanfloo/videos
UC4tS4Q_Cno5JVcIUXxQOOpA,@RicisOfficial1795,47700000,https://www.youtube.com/@RicisOfficial1795,https://www.youtube.com/@RicisOfficial1795/videos
UC2sAlHn-5vR8URM_NT6Fx3g,@Shakira,47300000,https://www.youtube.com/@Shakira,https://www.youtube.com/@Shakira/videos
UCQ7x25F6YXY9DvGeHFxLhRQ,@shfa2,47200000,https://www.youtube.com/@shfa2,https://www.youtube.com/@shfa2/videos
client,@felipeneto,46800000,https://www.youtube.com/@felipeneto,https://www.youtube.com/@felipeneto/videos
UCwHE1kM1CPJd_pI9FQ0-4dg,@shfa-1,46700000,https://www.youtube.com/@shfa-1,https://www.youtube.com/@shfa-1/videos
UCX6OQ3DkcsbYNE6H8uQQuVA,@MrBeast2,46700000,https://www.youtube.com/@MrBeast2,https://www.youtube.com/@MrBeast2/videos
UCil8E_9Dx_sO-rlakErcOIQ,@Dushyant_kukreja,46500000,https://www.youtube.com/@Dushyant_kukreja,https://www.youtube.com/@Dushyant_kukreja/videos
UC4wEPe5mrHGAUjjTfXH_C-Q,@AnayaKandhal,46400000,https://www.youtube.com/@AnayaKandhal,https://www.youtube.com/@AnayaKandhal/videos
UCJrOtniJ0-NWz37R30urifQ,@Alanwalkermusic,46100000,https://www.youtube.com/@Alanwalkermusic,https://www.youtube.com/@Alanwalkermusic/videos
UCzoUWqjCbcfWFdOMvoep8FA,@KimberlyLoaiza,46000000,https://www.youtube.com/@KimberlyLoaiza,https://www.youtube.com/@KimberlyLoaiza/videos
UC040XFJEsSRhTkmieXp1kDQ,@MariaClaraeJP,46000000,https://www.youtube.com/@MariaClaraeJP,https://www.youtube.com/@MariaClaraeJP/videos
UCX6OQ3DkcsbYNE6H8uQQuVA,@MrBeastGaming,45800000,https://www.youtube.com/@MrBeastGaming,https://www.youtube.com/@MrBeastGaming/videos
UCd5ApCORQsMOZZz5E9oVeFA,@alfredolarin,45300000,https://www.youtube.com/@alfredolarin,https://www.youtube.com/@alfredolarin/videos
UC6QZ_ss3i_8qLV_RczPZBkw,@issei0806,45000000,https://www.youtube.com/@issei0806,https://www.youtube.com/@issei0806/videos
UCCLTpCYkAI939xEUpMShAeA,@zhong,44900000,https://www.youtube.com/@zhong,https://www.youtube.com/@zhong/videos
UCw7xjxzbMwgBSmbeYwqYRMg,@SonyPAL,44900000,https://www.youtube.com/@SonyPAL,https://www.youtube.com/@SonyPAL/videos
UC0IWRLai-BAwci_e9MylNGw,@CarryMinati,44800000,https://www.youtube.com/@CarryMinati,https://www.youtube.com/@CarryMinati/videos
UC4rlAVgAK0SGk-yTfe48Qpw,@BRIGHTSIDEOFFICIAL,44700000,https://www.youtube.com/@BRIGHTSIDEOFFICIAL,https://www.youtube.com/@BRIGHTSIDEOFFICIAL/videos
UCsSsgPaZ2GSmO6il8Cb5iGA,@DaFuqBoom,44500000,https://www.youtube.com/@DaFuqBoom,https://www.youtube.com/@DaFuqBoom/videos
UCtW7qWjpCZ8zps-Cf2NF26w,@GaaneSuneAnsune,44400000,https://www.youtube.com/@GaaneSuneAnsune,https://www.youtube.com/@GaaneSuneAnsune/videos
UCJplp5SjeGSdVdwsfb9Q7lQ,@LikeNastya_Show,44100000,https://www.youtube.com/@LikeNastya_Show,https://www.youtube.com/@LikeNastya_Show/videos
UCOFiK1CkpZMlBirz0RrdTzQ,@PowerKidstv,44000000,https://www.youtube.com/@PowerKidstv,https://www.youtube.com/@PowerKidstv/videos
UCYiGq8XF7YQD00x7wAd62Zg,@HolaSoyGerman,44000000,https://www.youtube.com/@HolaSoyGerman,https://www.youtube.com/@HolaSoyGerman/videos
UCGpSJk0zi-wDrCIzjrxrk0w,@TotalGaming093,43900000,https://www.youtube.com/@TotalGaming093,https://www.youtube.com/@TotalGaming093/videos
client,@IndiaTV,43900000,https://www.youtube.com/@IndiaTV,https://www.youtube.com/@IndiaTV/videos
client,@rihanna,43900000,https://www.youtube.com/@rihanna,https://www.youtube.com/@rihanna/videos
UCq-Fj5jknLsUf-MWSy4_brA,@tseriesoldisgold,43800000,https://www.youtube.com/@tseriesoldisgold,https://www.youtube.com/@tseriesoldisgold/videos
UCzIciQA6KlhGCZFByEo2wFQ,@ShortsBreak_Official,43700000,https://www.youtube.com/@ShortsBreak_Official,https://www.youtube.com/@ShortsBreak_Official/videos
UCK5Q72Uyo73uRPk8PmM2A3w,@GenevievesPlayhouse,43500000,https://www.youtube.com/@GenevievesPlayhouse,https://www.youtube.com/@GenevievesPlayhouse/videos
UCWWeRmpeFuYY1FdAru58Afw,@MRINDIANHACKER,43500000,https://www.youtube.com/@MRINDIANHACKER,https://www.youtube.com/@MRINDIANHACKER/videos
UCl_vAxZpvbO-PFXdDu7EdHw,@TechnoGamerzOfficial,43400000,https://www.youtube.com/@TechnoGamerzOfficial,https://www.youtube.com/@TechnoGamerzOfficial/videos
UCqq5n-Oe-r1EEHI3yvhVJcA,@AboFlah,43300000,https://www.youtube.com/@AboFlah,https://www.youtube.com/@AboFlah/videos
UCxG6Tbopv4XcHfem65bgFeg,@SuperSimpleSongs,43100000,https://www.youtube.com/@SuperSimpleSongs,https://www.youtube.com/@SuperSimpleSongs/videos
client,@YouTube,42100000,https://www.youtube.com/@YouTube,https://www.youtube.com/@YouTube/videos
client,@WorkpointOfficial,42000000,https://www.youtube.com/@WorkpointOfficial,https://www.youtube.com/@WorkpointOfficial/videos
UC5icw-0tc5AqLkr1q7nwGpA,@thedonato,41900000,https://www.youtube.com/@thedonato,https://www.youtube.com/@thedonato/videos
UC4WbPrDz80xWhm__jTYr1zQ,@JingleToons,41900000,https://www.youtube.com/@JingleToons,https://www.youtube.com/@JingleToons/videos
UCu9rnHLRV0gvyn2Skm7wsRQ,@juandediospantojaa,41600000,https://www.youtube.com/@juandediospantojaa,https://www.youtube.com/@juandediospantojaa/videos
UCvlE5gTbOvjiolFlEm-c_Ow,@vladvaniki1,41600000,https://www.youtube.com/@vladvaniki1,https://www.youtube.com/@vladvaniki1/videos
client,@gr6explode,41600000,https://www.youtube.com/@gr6explode,https://www.youtube.com/@gr6explode/videos
UCpEJRZdSpdVZ8vh63T9I2KQ,@LikeNastya_ESP,41600000,https://www.youtube.com/@LikeNastya_ESP,https://www.youtube.com/@LikeNastya_ESP/videos
UCM9r1xn6s30OnlJWb-jc3Sw,@xxxtentacion,41200000,https://www.youtube.com/@xxxtentacion,https://www.youtube.com/@xxxtentacion/videos
client,@LittleBabyBum,41100000,https://www.youtube.com/@LittleBabyBum,https://www.youtube.com/@LittleBabyBum/videos
UCz7PhJtc2G8Sre2vCLfmqAw,@akshaynagwadiya,41000000,https://www.youtube.com/@akshaynagwadiya,https://www.youtube.com/@akshaynagwadiya/videos
UCXbYlU08sOTBktOtjVsvR6w,@ToRung,40600000,https://www.youtube.com/@ToRung,https://www.youtube.com/@ToRung/videos
UCcjIvuxmWlS5IEQ0JdPV4Ng,@elrubiusOMG,40600000,https://www.youtube.com/@elrubiusOMG,https://www.youtube.com/@elrubiusOMG/videos
UCveWi6uuOZbGODjcVWJMW7Q,@FrostDiamond,40500000,https://www.youtube.com/@FrostDiamond,https://www.youtube.com/@FrostDiamond/videos
UC4_ot3DUs7i0tCj2uwZrG6A,@DangalTVChannel,40300000,https://www.youtube.com/@DangalTVChannel,https://www.youtube.com/@DangalTVChannel/videos
UC9u6Fd9XhDJPXggSUvsiOgg,@enaldinho,40100000,https://www.youtube.com/@enaldinho,https://www.youtube.com/@enaldinho/videos
UC-UXd3xaj1I_yTvufcMdDAA,@LankyBox,40100000,https://www.youtube.com/@LankyBox,https://www.youtube.com/@LankyBox/videos
UCzB9wnkVbEDi4rYcw6fPp_A,@Priyal_Kukreja,40100000,https://www.youtube.com/@Priyal_Kukreja,https://www.youtube.com/@Priyal_Kukreja/videos
UC1a2ZCw7tugRZYRMnecNj3A,@CelineDept,39700000,https://www.youtube.com/@CelineDept,https://www.youtube.com/@CelineDept/videos
client,@JasonDerulo,39500000,https://www.youtube.com/@JasonDerulo,https://www.youtube.com/@JasonDerulo/videos
UC56dNUTok1pgvpY75CsJQ4Q,@gulshankalra07,39400000,https://www.youtube.com/@gulshankalra07,https://www.youtube.com/@gulshankalra07/videos
client,@onedirectionchannel,39300000,https://www.youtube.com/@onedirectionchannel,https://www.youtube.com/@onedirectionchannel/videos
UCXIvAXVdbUDzIFhVwB9RR-g,@babybus,39300000,https://www.youtube.com/@babybus,https://www.youtube.com/@babybus/videos
UCunqjMN6EEbXjzU-RvwJrig,@HeroIndori,39100000,https://www.youtube.com/@HeroIndori,https://www.youtube.com/@HeroIndori/videos
UCMsPm8-25ygqRrRe9_s1WFw,@LeoNataFamily,39000000,https://www.youtube.com/@LeoNataFamily,https://www.youtube.com/@LeoNataFamily/videos
UCk8GzjMOrta8yxDcKfylJYw,@KidsRomaShow,38700000,https://www.youtube.com/@KidsRomaShow,https://www.youtube.com/@KidsRomaShow/videos
UCN8S4CqMRy6tVKVXvs7Bzeg,@WowKidz1,38600000,https://www.youtube.com/@WowKidz1,https://www.youtube.com/@WowKidz1/videos
UCoAvFb8vkawfgjMR4pEYSSQ,@MashaOso,38600000,https://www.youtube.com/@MashaOso,https://www.youtube.com/@MashaOso/videos
UCsXNGiYbKI21UrmnsFvSZCQ,@ZeeNews,38400000,https://www.youtube.com/@ZeeNews,https://www.youtube.com/@ZeeNews/videos
UC4TTx9XmK2KYCtbiN_knQvA,@RyansWorld,38300000,https://www.youtube.com/@RyansWorld,https://www.youtube.com/@RyansWorld/videos
UCNgN5oEI2PyODSM6ZijidCg,@TheEllenShow,38300000,https://www.youtube.com/@TheEllenShow,https://www.youtube.com/@TheEllenShow/videos
UCPNH75wRbz-cO-W8732981A,@Jkk_Entertainment,38200000,https://www.youtube.com/@Jkk_Entertainment,https://www.youtube.com/@Jkk_Entertainment/videos
UC4DLvb5xZ9OLcVM1KC_R97g,@unknownboyvarun7,38000000,https://www.youtube.com/@unknownboyvarun7,https://www.youtube.com/@unknownboyvarun7/videos
UCqNmJfc7RgMU6hTxOOuCYHQ,@dianaandromaesp,37800000,https://www.youtube.com/@dianaandromaesp,https://www.youtube.com/@dianaandromaesp/videos
UCjp_3PEaOau_nT_3vnqKIvg,@junya1gou,37800000,https://www.youtube.com/@junya1gou,https://www.youtube.com/@junya1gou/videos
UCq-Fj5jknLsUf-MWSy4_brA,@tseriesapnapunjab,37800000,https://www.youtube.com/@tseriesapnapunjab,https://www.youtube.com/@tseriesapnapunjab/videos
UCQ8xGf1PgFzpoqKU-_S_gtQ,@Rajshri,37700000,https://www.youtube.com/@Rajshri,https://www.youtube.com/@Rajshri/videos
client,@Ozuna,37200000,https://www.youtube.com/@Ozuna,https://www.youtube.com/@Ozuna/videos
UCtiddfzHXNevG-yYe5vc_4Q,@SpiderSlack,37200000,https://www.youtube.com/@SpiderSlack,https://www.youtube.com/@SpiderSlack/videos
client,@Maroon5,37200000,https://www.youtube.com/@Maroon5,https://www.youtube.com/@Maroon5/videos
UCaFVX7Zu4O5Ih7XnvLv1Xqg,@KarlaBustillos,37100000,https://www.youtube.com/@KarlaBustillos,https://www.youtube.com/@KarlaBustillos/videos
client,@gmanetwork,37100000,https://www.youtube.com/@gmanetwork,https://www.youtube.com/@gmanetwork/videos
UCXI4BLz5XdR55fKFB1rpwgw,@CyberVillageSolution,37000000,https://www.youtube.com/@CyberVillageSolution,https://www.youtube.com/@CyberVillageSolution/videos
UCVRqK0tS3B8pVog1HwCR4pg,@TuzelityOfficial,36800000,https://www.youtube.com/@TuzelityOfficial,https://www.youtube.com/@TuzelityOfficial/videos
UCm-Qr3k89gtXcuv2jL29XFw,@MartaAndRustam,36700000,https://www.youtube.com/@MartaAndRustam,https://www.youtube.com/@MartaAndRustam/videos
UCUakBOWqjh3OHgigYAf93OQ,@HamsterKombat_Official,36600000,https://www.youtube.com/@HamsterKombat_Official,https://www.youtube.com/@HamsterKombat_Official/videos
UCAgXpYH1SV4NMZgJbz9wdzQ,@dednahype,36600000,https://www.youtube.com/@dednahype,https://www.youtube.com/@dednahype/videos
UCOQa47a3PTQDTijvkp3A5nA,@MaviGadgets,36400000,https://www.youtube.com/@MaviGadgets,https://www.youtube.com/@MaviGadgets/videos
UCC3OGYxHwV8pB5yLobw9KdA,@LucasandMarcus,36300000,https://www.youtube.com/@LucasandMarcus,https://www.youtube.com/@LucasandMarcus/videos
UCpMoGK8pm4nuNERpX6_DwOQ,@WorldwideRecordsBhojpuri,36100000,https://www.youtube.com/@WorldwideRecordsBhojpuri,https://www.youtube.com/@WorldwideRecordsBhojpuri/videos
client,@DisneyMusicVEVO,36000000,https://www.youtube.com/@DisneyMusicVEVO,https://www.youtube.com/@DisneyMusicVEVO/videos
UCgi6Wim7jdoW6luCXci83uw,@BispoBrunoLeonardo,36000000,https://www.youtube.com/@BispoBrunoLeonardo,https://www.youtube.com/@BispoBrunoLeonardo/videos
UC2GKdedu534s9hfPlnegldA,@GeetMP3,35700000,https://www.youtube.com/@GeetMP3,https://www.youtube.com/@GeetMP3/videos
UCHUu2HAnogpaK2UmTSJT8jg,@mujjuu___14,35600000,https://www.youtube.com/@mujjuu___14,https://www.youtube.com/@mujjuu___14/videos
UCmzDf_a7CCFuxos7hspcWRQ,@IanLucasOficial,35100000,https://www.youtube.com/@IanLucasOficial,https://www.youtube.com/@IanLucasOficial/videos
UCiu1TaUCGFwPtj8gpx6pYeQ,@Tilak,35000000,https://www.youtube.com/@Tilak,https://www.youtube.com/@Tilak/videos
UCX6OQ3DkcsbYNE6H8uQQuVA,@BeastReacts,34900000,https://www.youtube.com/@BeastReacts,https://www.youtube.com/@BeastReacts/videos
UCPCaXSwaos-QI03iZtx8I6g,@WillieSalim,34900000,https://www.youtube.com/@WillieSalim,https://www.youtube.com/@WillieSalim/videos
UCOjRVCxaNntzhUhwUF-xCFA,@Round2hell,34800000,https://www.youtube.com/@Round2hell,https://www.youtube.com/@Round2hell/videos
UCvlE5gTbOvjiolFlEm-c_Ow,@vladnikihindi,34800000,https://www.youtube.com/@vladnikihindi,https://www.youtube.com/@vladnikihindi/videos
UC2hFZwNM71iOOCY3guLE7KQ,@SSSniperWolf,34700000,https://www.youtube.com/@SSSniperWolf,https://www.youtube.com/@SSSniperWolf/videos
UCdX5KXiCTPYWYZscfphgQ4g,@BeatboxJCOP,34700000,https://www.youtube.com/@BeatboxJCOP,https://www.youtube.com/@BeatboxJCOP/videos
client,@shemaroomovies,34600000,https://www.youtube.com/@shemaroomovies,https://www.youtube.com/@shemaroomovies/videos
UCm1hOHNgH6x8MF22676CmZA,@PokemonAsiaHindiOfficial,34600000,https://www.youtube.com/@PokemonAsiaHindiOfficial,https://www.youtube.com/@PokemonAsiaHindiOfficial/videos
UCWaOde99oeUVoXbIj3SNu9g,@sagawa,34400000,https://www.youtube.com/@sagawa,https://www.youtube.com/@sagawa/videos
UCNLxsUvaP5CRMD6cvO03K4w,@NichLmao,34400000,https://www.youtube.com/@NichLmao,https://www.youtube.com/@NichLmao/videos
UC4LHNX8d8RqnDX0OezgmCTg,@vegetta777,34200000,https://www.youtube.com/@vegetta777,https://www.youtube.com/@vegetta777/videos
UCP84QWij0alw4MvzqzyfOnw,@KHANDESHIMOVIES,34100000,https://www.youtube.com/@KHANDESHIMOVIES,https://www.youtube.com/@KHANDESHIMOVIES/videos
UClFN9LShD_Pv0wnSeUKbUZw,@ThatLittlePuff,34100000,https://www.youtube.com/@ThatLittlePuff,https://www.youtube.com/@ThatLittlePuff/videos
UC-ot0zOmCSxXj2Y59oI1k5g,@DesiMusicFactoryYT,34000000,https://www.youtube.com/@DesiMusicFactoryYT,https://www.youtube.com/@DesiMusicFactoryYT/videos
UCEwIUtFBhaI2L2PuKv0KL2g,@MrBean,34000000,https://www.youtube.com/@MrBean,https://www.youtube.com/@MrBean/videos
client,@NoCopyrightSounds,33900000,https://www.youtube.com/@NoCopyrightSounds,https://www.youtube.com/@NoCopyrightSounds/videos
UC7iyparkdas-4UTSL_gktQg,@rezendeevil,33800000,https://www.youtube.com/@rezendeevil,https://www.youtube.com/@rezendeevil/videos
UCpJ3VZb16uJFSmQyEQQ9Xlg,@adityamusic,33600000,https://www.youtube.com/@adityamusic,https://www.youtube.com/@adityamusic/videos
UCU_AsfgtKjwR4qaSwgsWn-w,@infobellstelugurhymes,33600000,https://www.youtube.com/@infobellstelugurhymes,https://www.youtube.com/@infobellstelugurhymes/videos
UCeqmF5EwvT7ASyJukZmrShA,@MrDegreeOfficial,33600000,https://www.youtube.com/@MrDegreeOfficial,https://www.youtube.com/@MrDegreeOfficial/videos
UCgqy_Kgctp5quGUsvIyqKVw,@TsurikiShow,33500000,https://www.youtube.com/@TsurikiShow,https://www.youtube.com/@TsurikiShow/videos
UCd09ztChTkJ9dlY6RLawSog,@IShowSpeed,33500000,https://www.youtube.com/@IShowSpeed,https://www.youtube.com/@IShowSpeed/videos
UCyoXW-Dse7fURq30EWl_CUA,@GoldminesDishoom,33500000,https://www.youtube.com/@GoldminesDishoom,https://www.youtube.com/@GoldminesDishoom/videos
UCPW0F3QPcwARHVFULyMMr0A,@SujalThakral,33500000,https://www.youtube.com/@SujalThakral,https://www.youtube.com/@SujalThakral/videos
UCEe1XYzORRRcwOUYNR0QwYw,@DanielLaBelle,33299999,https://www.youtube.com/@DanielLaBelle,https://www.youtube.com/@DanielLaBelle/videos
UCR1hQY5sz5NEYofdv09XimA,@kidschannelindia,33200000,https://www.youtube.com/@kidschannelindia,https://www.youtube.com/@kidschannelindia/videos
UCTheFErn4MureanSiqgKIag,@dona_mukbang,33200000,https://www.youtube.com/@dona_mukbang,https://www.youtube.com/@dona_mukbang/videos
UCEtXoc4bGUjW9tK-SstokkA,@ishaanali11,33000000,https://www.youtube.com/@ishaanali11,https://www.youtube.com/@ishaanali11/videos
UClQ3NafOy_42dJ0toK3QUKw,@BenAzelart,33000000,https://www.youtube.com/@BenAzelart,https://www.youtube.com/@BenAzelart/videos
UCzKWILdrVl8ZEcDzaH4kl_A,@infobellstamilrhymes,33000000,https://www.youtube.com/@infobellstamilrhymes,https://www.youtube.com/@infobellstamilrhymes/videos
UCcEawvCukBNKLXOJQo4yA3Q,@LittleAngel,32900000,https://www.youtube.com/@LittleAngel,https://www.youtube.com/@LittleAngel/videos
UCl3ecG8YVKG0VXEDSdYPDDg,@chotanawab,32900000,https://www.youtube.com/@chotanawab,https://www.youtube.com/@chotanawab/videos
UCOF23vGxkbhN4wl7ROrgXsA,@GoldminesBollywood,32900000,https://www.youtube.com/@GoldminesBollywood,https://www.youtube.com/@GoldminesBollywood/videos
client,@SMTOWN,32799999,https://www.youtube.com/@SMTOWN,https://www.youtube.com/@SMTOWN/videos
client,@SMTOWN,32799999,https://www.youtube.com/@SMTOWN,https://www.youtube.com/@SMTOWN/videos
UCcN7XoyZ_nnEyyOXoI2VZNQ,@teamactors,32600000,https://www.youtube.com/@teamactors,https://www.youtube.com/@teamactors/videos
UC34G3JoISurr5l5J-IHXIhw,@dbillions,32500000,https://www.youtube.com/@dbillions,https://www.youtube.com/@dbillions/videos
UCHAbNxkU837UAkZ-OPtdUUw,@toyoraljanahtv,32200000,https://www.youtube.com/@toyoraljanahtv,https://www.youtube.com/@toyoraljanahtv/videos
client,@ImagineDragons,32200000,https://www.youtube.com/@ImagineDragons,https://www.youtube.com/@ImagineDragons/videos
UCVtD5iA4rUuOK5cQrB_o4ow,@Yoeslan,32100000,https://www.youtube.com/@Yoeslan,https://www.youtube.com/@Yoeslan/videos
UCIcKN-VXhkZNpf5DRdHp9JA,@CrazyXYZ,32000000,https://www.youtube.com/@CrazyXYZ,https://www.youtube.com/@CrazyXYZ/videos
UCxoq-PAQeAdk_zyg8YS0JqA,@luisfonsi,32000000,https://www.youtube.com/@luisfonsi,https://www.youtube.com/@luisfonsi/videos
UCY-at5vWhDoMJ8y0kIPFwDA,@Azhan5star,31900000,https://www.youtube.com/@Azhan5star,https://www.youtube.com/@Azhan5star/videos
UCbrd1vu4_7qIE6IPV_dA-OA,@GENIALBrightSideSpanish,31900000,https://www.youtube.com/@GENIALBrightSideSpanish,https://www.youtube.com/@GENIALBrightSideSpanish/videos
UCLRPNg6lW_Tzdzj6aYdBd6A,@DannyFitt,31900000,https://www.youtube.com/@DannyFitt,https://www.youtube.com/@DannyFitt/videos
client,@MichaelJackson,31800000,https://www.youtube.com/@MichaelJackson,https://www.youtube.com/@MichaelJackson/videos
UC2LYNC9syE8B1yu0cy_5E6Q,@nickjr,31700000,https://www.youtube.com/@nickjr,https://www.youtube.com/@nickjr/videos
UCAcq6oZXEN9KObS3a1ZDdPw,@bouncepatrol,31700000,https://www.youtube.com/@bouncepatrol,https://www.youtube.com/@bouncepatrol/videos
UCx8Z14PpntdaxCt2hakbQLQ,@TheLallantop,31700000,https://www.youtube.com/@TheLallantop,https://www.youtube.com/@TheLallantop/videos
UC6kwA_uLrl-a3EdkY_aDJ-w,@AttaHalilintar,31500000,https://www.youtube.com/@AttaHalilintar,https://www.youtube.com/@AttaHalilintar/videos
client,@ultrarecords,31300000,https://www.youtube.com/@ultrarecords,https://www.youtube.com/@ultrarecords/videos
UCU2zNeYhf9pi_wSqFbYE96w,@boramtubevlog4821,31000000,https://www.youtube.com/@boramtubevlog4821,https://www.youtube.com/@boramtubevlog4821/videos
UCOnIJiQuk1fDSp6p1GCZy3A,@capitanyolotroll,30900000,https://www.youtube.com/@capitanyolotroll,https://www.youtube.com/@capitanyolotroll/videos
UCeYX5-RL4AkAWzNZ7lYLlWg,@Thegeetagurjar,30800000,https://www.youtube.com/@Thegeetagurjar,https://www.youtube.com/@Thegeetagurjar/videos
client,@jacksepticeye,30800000,https://www.youtube.com/@jacksepticeye,https://www.youtube.com/@jacksepticeye/videos
UCUzvW98UhwyHcmUe5mRkjHQ,@iamneetubisht,30600000,https://www.youtube.com/@iamneetubisht,https://www.youtube.com/@iamneetubisht/videos
UChmCol08IsWTety5a3rMh6w,@ashishchanchlanivines,30500000,https://www.youtube.com/@ashishchanchlanivines,https://www.youtube.com/@ashishchanchlanivines/videos
UC7Pq3Ko42YpkCB_Q4E981jw,@kidstv,30500000,https://www.youtube.com/@kidstv,https://www.youtube.com/@kidstv/videos
UCQznUf1SjfDqx65hX3zRDiA,@DrakeOfficial,30400000,https://www.youtube.com/@DrakeOfficial,https://www.youtube.com/@DrakeOfficial/videos
UC-Diq5SjWZDol8C0_E_1Y7A,@BigSchoolMinecraft,30300000,https://www.youtube.com/@BigSchoolMinecraft,https://www.youtube.com/@BigSchoolMinecraft/videos
UCvPjCtVmuXMxGxOyNz7rx_w,@Maluma_Official,30200000,https://www.youtube.com/@Maluma_Official,https://www.youtube.com/@Maluma_Official/videos
UCbCJmNKAL85O1VFeD6Wj60g,@BayashiTV_,30200000,https://www.youtube.com/@BayashiTV_,https://www.youtube.com/@BayashiTV_/videos
UCzJ53fi4NuDCYWOk9PtEkCA,@_vector_,30100000,https://www.youtube.com/@_vector_,https://www.youtube.com/@_vector_/videos
UCb4AW4DtF_iS4_eNuTgEgRA,@souravjoshivlogs7028,30000000,https://www.youtube.com/@souravjoshivlogs7028,https://www.youtube.com/@souravjoshivlogs7028/videos
UC5apxzE3aEOpvP0XkeuW8mw,@bobbyprankster,30000000,https://www.youtube.com/@bobbyprankster,https://www.youtube.com/@bobbyprankster/videos
UCubB4RJhGFvqfP5z5t7Q0cQ,@cainguzman,30000000,https://www.youtube.com/@cainguzman,https://www.youtube.com/@cainguzman/videos
client,@JYPEntertainment,29900000,https://www.youtube.com/@JYPEntertainment,https://www.youtube.com/@JYPEntertainment/videos
UC7CUwUAv4B62aToGO9Y7mHg,@toycantando,29800000,https://www.youtube.com/@toycantando,https://www.youtube.com/@toycantando/videos
UCgG9IWOPcCIfQoI00xQBUbg,@vladandnikidn,29600000,https://www.youtube.com/@vladandnikidn,https://www.youtube.com/@vladandnikidn/videos
UCNvYCW3cMbkWy2g2v4Wb6xw,@shfashowindia,29400000,https://www.youtube.com/@shfashowindia,https://www.youtube.com/@shfashowindia/videos
UCmphdqZNmqL72WJ2uyiNw5w,@abp_live,29400000,https://www.youtube.com/@abp_live,https://www.youtube.com/@abp_live/videos
UC5j3kTwakmHPrMjfKvSkPbg,@Kidibli,29300000,https://www.youtube.com/@Kidibli,https://www.youtube.com/@Kidibli/videos
UCbGPgvNunvclTypPtL3sa0w,@BenEagleOfficial,29300000,https://www.youtube.com/@BenEagleOfficial,https://www.youtube.com/@BenEagleOfficial/videos
UCteZ0G2QBIYP8UPQXQka-Nw,@renatogarciayoutuber,29200000,https://www.youtube.com/@renatogarciayoutuber,https://www.youtube.com/@renatogarciayoutuber/videos
UCFR2oaNj02WnXkOgLH0iqOA,@AuronPlay,29100000,https://www.youtube.com/@AuronPlay,https://www.youtube.com/@AuronPlay/videos
UCBnxEdpoZwstJqC1yZpOjRA,@suntv,29000000,https://www.youtube.com/@suntv,https://www.youtube.com/@suntv/videos
UCJQqJ0Meya7kVmUu4B3359Q,@DianaRomaARA,28900000,https://www.youtube.com/@DianaRomaARA,https://www.youtube.com/@DianaRomaARA/videos
UCmMa6MNmloaBDwyWLQTefjw,@VaniaManiaKids,28700000,https://www.youtube.com/@VaniaManiaKids,https://www.youtube.com/@VaniaManiaKids/videos
UCxhygwqQ1ZMoBGQM2yEcNug,@RaffyTulfoInAction,28700000,https://www.youtube.com/@RaffyTulfoInAction,https://www.youtube.com/@RaffyTulfoInAction/videos
UC3339WgBDKIcxTfywuSmG8w,@viralhog,28700000,https://www.youtube.com/@viralhog,https://www.youtube.com/@viralhog/videos
UCgKkNPU2Ib7_TcyAl8M2S-w,@wbkids,28600000,https://www.youtube.com/@wbkids,https://www.youtube.com/@wbkids/videos
UCkl4PpjvRdCYThDPDlfzcQQ,@UltraMovieParlour,28500000,https://www.youtube.com/@UltraMovieParlour,https://www.youtube.com/@UltraMovieParlour/videos
UCaEtAfisWDXL3eG8u_M2brA,@SandeepSeminars,28500000,https://www.youtube.com/@SandeepSeminars,https://www.youtube.com/@SandeepSeminars/videos
UClzCn8DxRSCuMFv_WfzkcrQ,@TheLateLateShow,28300000,https://www.youtube.com/@TheLateLateShow,https://www.youtube.com/@TheLateLateShow/videos
UCObyBrdrtQ20BU9PxHQDY9w,@PenMovies,28300000,https://www.youtube.com/@PenMovies,https://www.youtube.com/@PenMovies/videos
UCPAk4rqVIwg1NCXh61VJxbg,@ZHCYT,28100000,https://www.youtube.com/@ZHCYT,https://www.youtube.com/@ZHCYT/videos
UCgFAFQWwL_6AIFdPUjP_Mpw,@invictorgs3,28100000,https://www.youtube.com/@invictorgs3,https://www.youtube.com/@invictorgs3/videos
UC4pE6EhXYW6eoovmi0pxK6Q,@justinflom,28000000,https://www.youtube.com/@justinflom,https://www.youtube.com/@justinflom/videos
UC5ma-WCc8jNCV0WyRnfbHTg,@dianaromahin,28000000,https://www.youtube.com/@dianaromahin,https://www.youtube.com/@dianaromahin/videos
UC6paX0kLA8D81aYogceMufw,@RAFAELUIZOFICIAL,28000000,https://www.youtube.com/@RAFAELUIZOFICIAL,https://www.youtube.com/@RAFAELUIZOFICIAL/videos
UCnnbdG0EEIe7vnuqHDkErAQ,@kritikaChannel1227,27900000,https://www.youtube.com/@kritikaChannel1227,https://www.youtube.com/@kritikaChannel1227/videos
client,@goldmineshindi,27800000,https://www.youtube.com/@goldmineshindi,https://www.youtube.com/@goldmineshindi/videos
UCZLl7vfqlRjVL4YBHGmLVvQ,@vladandnikispain,27700000,https://www.youtube.com/@vladandnikispain,https://www.youtube.com/@vladandnikispain/videos
UCXmseTCR4w5q36pupOJKegw,@Chapitosiki,27700000,https://www.youtube.com/@Chapitosiki,https://www.youtube.com/@Chapitosiki/videos
UCiy3ZPeWK7_GS2A6spcZ2iA,@PeppaPigEspanolLatinoOficial,27700000,https://www.youtube.com/@PeppaPigEspanolLatinoOficial,https://www.youtube.com/@PeppaPigEspanolLatinoOficial/videos
UCh78F0yEEeFWKoo4aNvCqgg,@enchufetv,27700000,https://www.youtube.com/@enchufetv,https://www.youtube.com/@enchufetv/videos
UCE4pdOAge35Ylr-DJgvllbQ,@postmalone,27700000,https://www.youtube.com/@postmalone,https://www.youtube.com/@postmalone/videos
UCLYqpLGnCoQfcD7BdDKsSxQ,@mariano_razo,27600000,https://www.youtube.com/@mariano_razo,https://www.youtube.com/@mariano_razo/videos
UCOh01Sv2bdi_hjci9tOH7Mg,@AjaKitchen,27500000,https://www.youtube.com/@AjaKitchen,https://www.youtube.com/@AjaKitchen/videos
UCRI7hheejBbWS6etTNwMT0g,@AnuelAA,27500000,https://www.youtube.com/@AnuelAA,https://www.youtube.com/@AnuelAA/videos
client,@ChrisBrownTV,27500000,https://www.youtube.com/@ChrisBrownTV,https://www.youtube.com/@ChrisBrownTV/videos
client,@beyonce,27500000,https://www.youtube.com/@beyonce,https://www.youtube.com/@beyonce/videos
UCl_P0sCqxOdQpMwuajdXkRg,@dianaromaen,27500000,https://www.youtube.com/@dianaromaen,https://www.youtube.com/@dianaromaen/videos
UCemhZ2At2lgifTJLClGCz9A,@royaltyfam,27300000,https://www.youtube.com/@royaltyfam,https://www.youtube.com/@royaltyfam/videos
UCKqx9r4mrFglauNBJc1L_eg,@toypudding,27300000,https://www.youtube.com/@toypudding,https://www.youtube.com/@toypudding/videos
UCRqs0TZOqe5nrwP-BrdnCjg,@jaanvipatel,27300000,https://www.youtube.com/@jaanvipatel,https://www.youtube.com/@jaanvipatel/videos
UCzXpAx4v6rFLYXkJZ5nmSvQ,@LIVCrime,27200000,https://www.youtube.com/@LIVCrime,https://www.youtube.com/@LIVCrime/videos
UCnSFZ-olBoLGLRUS_3RI2Aw,@TaarakMehtaKaOoltahChashmah,27100000,https://www.youtube.com/@TaarakMehtaKaOoltahChashmah,https://www.youtube.com/@TaarakMehtaKaOoltahChashmah/videos
UCatWyXK1xES_l0_pIK-a9gw,@danrhodes,27100000,https://www.youtube.com/@danrhodes,https://www.youtube.com/@danrhodes/videos
UCLJdpD5Es4v71O94FF-uuQQ,@SMOL_official,27100000,https://www.youtube.com/@SMOL_official,https://www.youtube.com/@SMOL_official/videos
UCIpp0Pb8H3K-Htb-WOF9DBw,@soysuco24,27100000,https://www.youtube.com/@soysuco24,https://www.youtube.com/@soysuco24/videos
UC3I1iohrGzxep0p8r1Osw3w,@likenastyaae,27000000,https://www.youtube.com/@likenastyaae,https://www.youtube.com/@likenastyaae/videos
UC7Lta_EuGv5BXoLTpUutvBA,@Filaretiki,26800000,https://www.youtube.com/@Filaretiki,https://www.youtube.com/@Filaretiki/videos
UCyWWjIBWGl8hg1EfYysCgKQ,@ValentinaPontesofc,26700000,https://www.youtube.com/@ValentinaPontesofc,https://www.youtube.com/@ValentinaPontesofc/videos
UCfLTxnQboSLcoSakgONmukQ,@mariliamendoncareal,26700000,https://www.youtube.com/@mariliamendoncareal,https://www.youtube.com/@mariliamendoncareal/videos
UCYJPby9DRCteedh5tfxVbrw,@smosh,26700000,https://www.youtube.com/@smosh,https://www.youtube.com/@smosh/videos
UCX6OQ3DkcsbYNE6H8uQQuVA,@BeastPhilanthropy,26700000,https://www.youtube.com/@BeastPhilanthropy,https://www.youtube.com/@BeastPhilanthropy/videos
UCpO_iMOOEhShBMxcXgJs7Yw,@pawansahu777,26700000,https://www.youtube.com/@pawansahu777,https://www.youtube.com/@pawansahu777/videos
UCk3JZr7eS3pg5AGEvBdEvFg,@VillageCookingChannel,26700000,https://www.youtube.com/@VillageCookingChannel,https://www.youtube.com/@VillageCookingChannel/videos
UCozAuGJZ5MPoijz8IE_1Gtw,@toyorbabytv,26600000,https://www.youtube.com/@toyorbabytv,https://www.youtube.com/@toyorbabytv/videos
UCMEr4OcKQY85UsYYBOWLDSg,@MayaAndMary,26600000,https://www.youtube.com/@MayaAndMary,https://www.youtube.com/@MayaAndMary/videos
UCwJrDbRJBGvIdYrpBMNtCIg,@LosPolinesios,26600000,https://www.youtube.com/@LosPolinesios,https://www.youtube.com/@LosPolinesios/videos
UCI3szCgzGTRBTF_2dVaTZdQ,@jordanmatter,26500000,https://www.youtube.com/@jordanmatter,https://www.youtube.com/@jordanmatter/videos
UCUxNHDxPFjuKMdMPAsYVJMQ,@BBKiVines,26500000,https://www.youtube.com/@BBKiVines,https://www.youtube.com/@BBKiVines/videos
UCkimqf8bCTQ00PJ956pJ2-A,@BabyBusES,26500000,https://www.youtube.com/@BabyBusES,https://www.youtube.com/@BabyBusES/videos
UCkLNHZZsC3LKdUAroKNwOOw,@cure0721,26500000,https://www.youtube.com/@cure0721,https://www.youtube.com/@cure0721/videos
UCkwZ4L2z5M_nLHoPtshyJbw,@ILYABORZOV,26400000,https://www.youtube.com/@ILYABORZOV,https://www.youtube.com/@ILYABORZOV/videos
UCgbfG5HoczHIkpzxLYH-8Ww,@pokemonkidstv,26400000,https://www.youtube.com/@pokemonkidstv,https://www.youtube.com/@pokemonkidstv/videos
UCw8ZhLPdQ0u_Y-TLKd61hGA,@1MILLIONDanceStudioofficial,26300000,https://www.youtube.com/@1MILLIONDanceStudioofficial,https://www.youtube.com/@1MILLIONDanceStudioofficial/videos
UCJDPkq7IJcjEODge3vMcNng,@RansEntertainment,26300000,https://www.youtube.com/@RansEntertainment,https://www.youtube.com/@RansEntertainment/videos
UCjNgqJ_FMLntYVzq7daw1TQ,@dhruvrathee,26200000,https://www.youtube.com/@dhruvrathee,https://www.youtube.com/@dhruvrathee/videos
UCtyr6UXUdZJJHuWGKzoiLfg,@LikeNastya_PRT,26200000,https://www.youtube.com/@LikeNastya_PRT,https://www.youtube.com/@LikeNastya_PRT/videos
UCTAacyv5T4cSus1W4D6eBfA,@korayzeynep,26200000,https://www.youtube.com/@korayzeynep,https://www.youtube.com/@korayzeynep/videos
UCOBRfDl-MG_O4Qyi1dhm-rQ,@Bebefinn,26200000,https://www.youtube.com/@Bebefinn,https://www.youtube.com/@Bebefinn/videos
UCDS9hpqUEXsXUIcf0qDcBIA,@NarendraModi,26200000,https://www.youtube.com/@NarendraModi,https://www.youtube.com/@NarendraModi/videos
UCP9MW9ATjUwwulqEYTbp-Mw,@vladandnikiarab2,26100000,https://www.youtube.com/@vladandnikiarab2,https://www.youtube.com/@vladandnikiarab2/videos
UCBz9qbqujcjIavFmBJW2oZw,@SonyAATH,26000000,https://www.youtube.com/@SonyAATH,https://www.youtube.com/@SonyAATH/videos
UC2xBh2nwvOwBqnA1tEbPCZw,@yellowdressgirlll,26000000,https://www.youtube.com/@yellowdressgirlll,https://www.youtube.com/@yellowdressgirlll/videos
UCV4iYJ7wTDWrRGbGZEvQsSg,@SidhuMooseWalaOfficial,26000000,https://www.youtube.com/@SidhuMooseWalaOfficial,https://www.youtube.com/@SidhuMooseWalaOfficial/videos
UCb06IKdt8yeJDhqUct0z-gQ,@ANYAKOVAOFFICIAL,26000000,https://www.youtube.com/@ANYAKOVAOFFICIAL,https://www.youtube.com/@ANYAKOVAOFFICIAL/videos
UCoHeIbwuvZ4qIt6lJ-msU1A,@bigchungusYT,26000000,https://www.youtube.com/@bigchungusYT,https://www.youtube.com/@bigchungusYT/videos
UCXRVTUp5F0rQrZ_GT-PNsTw,@SusyMouriz,25900000,https://www.youtube.com/@SusyMouriz,https://www.youtube.com/@SusyMouriz/videos
UCYucn3aPwdQJ7X6yn7-VWbQ,@VanossGaming,25900000,https://www.youtube.com/@VanossGaming,https://www.youtube.com/@VanossGaming/videos
UCxHoBXkY88Tb8z1Ssj6CWsQ,@somoynews360,25800000,https://www.youtube.com/@somoynews360,https://www.youtube.com/@somoynews360/videos
UCCrw5RBWF9i8VPt4IxL8IsQ,@GoldminesCineplex,25800000,https://www.youtube.com/@GoldminesCineplex,https://www.youtube.com/@GoldminesCineplex/videos
UCcryiZdagSR9M-Oii_Y4OfQ,@zappytoons,25700000,https://www.youtube.com/@zappytoons,https://www.youtube.com/@zappytoons/videos
UClR74BSOFXxMOKtuaaPu91Q,@YounesZarou,25700000,https://www.youtube.com/@YounesZarou,https://www.youtube.com/@YounesZarou/videos
UCPhHBEtG6dVZ5fJKoNArcJw,@seungbini67,25700000,https://www.youtube.com/@seungbini67,https://www.youtube.com/@seungbini67/videos
UCoIPNS4wYsQV4_XV2wSaxyw,@tarik_alhalapi,25700000,https://www.youtube.com/@tarik_alhalapi,https://www.youtube.com/@tarik_alhalapi/videos
UCwqusr8YDwM-3mEYTDeJHzw,@RepublicTVBharat,25600000,https://www.youtube.com/@RepublicTVBharat,https://www.youtube.com/@RepublicTVBharat/videos
UCNM99xGXrSGGiCQjQsbO9og,@RatitasPandilleras,25500000,https://www.youtube.com/@RatitasPandilleras,https://www.youtube.com/@RatitasPandilleras/videos
UCwDCvZay5W6kwTzJ0fD2QLA,@SierraRhiaFAM,25500000,https://www.youtube.com/@SierraRhiaFAM,https://www.youtube.com/@SierraRhiaFAM/videos
UC4HnC-AS714lT2TCTJ-A1zQ,@WatchMojo,25500000,https://www.youtube.com/@WatchMojo,https://www.youtube.com/@WatchMojo/videos
UC1OLmO6jbhhcyyQaWIV7Ckg,@7clouds,25400000,https://www.youtube.com/@7clouds,https://www.youtube.com/@7clouds/videos
UC22nIfOTM7KLIQuFGMKzQbg,@WaveMusicBhojpuri,25400000,https://www.youtube.com/@WaveMusicBhojpuri,https://www.youtube.com/@WaveMusicBhojpuri/videos
UCPXQ211d2zbLXFmFr4uy7YQ,@varunbundela,25400000,https://www.youtube.com/@varunbundela,https://www.youtube.com/@varunbundela/videos
UCEKaOE6FUxNBn0rdTYi1i9Q,@NickPro,25300000,https://www.youtube.com/@NickPro,https://www.youtube.com/@NickPro/videos
UCT-Bu8VlkZki8WkvrA3139Q,@EvaBravoPlay,25200000,https://www.youtube.com/@EvaBravoPlay,https://www.youtube.com/@EvaBravoPlay/videos
UC64tB97n5xZdqs4qAyTCnpw,@tappuhoneyparmar0077,25200000,https://www.youtube.com/@tappuhoneyparmar0077,https://www.youtube.com/@tappuhoneyparmar0077/videos
UCEnqwW6f7bYidXHAI13hhMA,@JakeFellman,25100000,https://www.youtube.com/@JakeFellman,https://www.youtube.com/@JakeFellman/videos
UC9XUOGLM460u7Wb2d28DuaQ,@misskaty1133,25100000,https://www.youtube.com/@misskaty1133,https://www.youtube.com/@misskaty1133/videos
UCN6sm8iHiPd0cnoUardDAnw,@JamunaTVbd,24900000,https://www.youtube.com/@JamunaTVbd,https://www.youtube.com/@JamunaTVbd/videos
UC8id8PPmTd6aqfpUnQzUaxw,@Tuestaok,24900000,https://www.youtube.com/@Tuestaok,https://www.youtube.com/@Tuestaok/videos
UC9VEW1NhLouw1vbW6p4cACw,@deepesh_zo,24900000,https://www.youtube.com/@deepesh_zo,https://www.youtube.com/@deepesh_zo/videos
UC4_NiqdAtd2-6w_p4uYKDaA,@elcanaldePlimPlim,24900000,https://www.youtube.com/@elcanaldePlimPlim,https://www.youtube.com/@elcanaldePlimPlim/videos
UCXv-co3EYHF7aOH4A93qAHQ,@unboxtherapy,24800000,https://www.youtube.com/@unboxtherapy,https://www.youtube.com/@unboxtherapy/videos
UC1XyiYP1CXDIWp0oKpbQ0Jg,@CacauHaxkar,24800000,https://www.youtube.com/@CacauHaxkar,https://www.youtube.com/@CacauHaxkar/videos
UCvd_X-p3MEFQKoDGQjb3OiQ,@MrMaxLife,24800000,https://www.youtube.com/@MrMaxLife,https://www.youtube.com/@MrMaxLife/videos
UCuEgW3r4ytXwd9UfQySv_Nw,@SesameStreet,24800000,https://www.youtube.com/@SesameStreet,https://www.youtube.com/@SesameStreet/videos
UCjaxmdb_gTWbz9XF5rzvgGg,@natanporai,24800000,https://www.youtube.com/@natanporai,https://www.youtube.com/@natanporai/videos
UCKLbzfmjFv_oalDX8sHxhkQ,@saito09,24800000,https://www.youtube.com/@saito09,https://www.youtube.com/@saito09/videos
UCYzRv-EO4Y-eN34uMdkN8WQ,@BabyBusID,24700000,https://www.youtube.com/@BabyBusID,https://www.youtube.com/@BabyBusID/videos
UCCyKsYaRi62axS-kasXW7wA,@WowKidzAction,24700000,https://www.youtube.com/@WowKidzAction,https://www.youtube.com/@WowKidzAction/videos
UCNAkrtPgm76PfxR_kGLVqAQ,@rkddigital,24600000,https://www.youtube.com/@rkddigital,https://www.youtube.com/@rkddigital/videos
UC82dvZMlgJYDEsjZJWVfniw,@Chustertv,24600000,https://www.youtube.com/@Chustertv,https://www.youtube.com/@Chustertv/videos
UCHwuASimangJrBjcMdLQdiw,@rabbitwarren.,24600000,https://www.youtube.com/@rabbitwarren.,https://www.youtube.com/@rabbitwarren./videos
UCNTabXK2VCqj1dTQhq_jRsA,@AmitBhadana,24500000,https://www.youtube.com/@AmitBhadana,https://www.youtube.com/@AmitBhadana/videos
UCaK9J_lZbUjVixFHuP4vYag,@RickyLimon,24400000,https://www.youtube.com/@RickyLimon,https://www.youtube.com/@RickyLimon/videos
UCl8iwAEa4i5LsFMXbiI2J-g,@SSundee,24400000,https://www.youtube.com/@SSundee,https://www.youtube.com/@SSundee/videos
UCkKDpnzIG29MA--Sh6oOtWg,@busyfunltd9692,24300000,https://www.youtube.com/@busyfunltd9692,https://www.youtube.com/@busyfunltd9692/videos
UCopY0NAzASqmD6eVaRj2TFQ,@IshtarPunjabi,24300000,https://www.youtube.com/@IshtarPunjabi,https://www.youtube.com/@IshtarPunjabi/videos
UC76Yc75RGWonijH02CIhPaw,@goldminesgreatindiancomedy2048,24300000,https://www.youtube.com/@goldminesgreatindiancomedy2048,https://www.youtube.com/@goldminesgreatindiancomedy2048/videos
UC4-eGDvOe41__-RiE0E9L6A,@fgteev,24100000,https://www.youtube.com/@fgteev,https://www.youtube.com/@fgteev/videos
UC5CtzFrXHSZTs5dmAZ17-nA,@NickyJamTV,24100000,https://www.youtube.com/@NickyJamTV,https://www.youtube.com/@NickyJamTV/videos
UCxmpT2Gf0ui3NESdrUrlT-Q,@CollinsKey,24100000,https://www.youtube.com/@CollinsKey,https://www.youtube.com/@CollinsKey/videos
UCaFVX7Zu4O5Ih7XnvLv1Xqg,@MauMcMahon,24000000,https://www.youtube.com/@MauMcMahon,https://www.youtube.com/@MauMcMahon/videos
UCBu8GHpHy9vX8ixdTb38kIQ,@PragatiVermaaShorts,23900000,https://www.youtube.com/@PragatiVermaaShorts,https://www.youtube.com/@PragatiVermaaShorts/videos
UCatL-c6pmnjzEOHSyjn-sHA,@khangsresearchcentre1685,23900000,https://www.youtube.com/@khangsresearchcentre1685,https://www.youtube.com/@khangsresearchcentre1685/videos
UCyiLrFQqqJDQFOGAQ5pyC9w,@TroomTroom,23900000,https://www.youtube.com/@TroomTroom,https://www.youtube.com/@TroomTroom/videos
UCucot-Zp428OwkyRm2I7v2Q,@JamesCharles,23900000,https://www.youtube.com/@JamesCharles,https://www.youtube.com/@JamesCharles/videos
UC-J-KZfRV8c13fOCkhXdLiQ,@dualipa,23800000,https://www.youtube.com/@dualipa,https://www.youtube.com/@dualipa/videos
UCuz_0MPcY5O0vsIfFPKFpGg,@LucanPevidor,23800000,https://www.youtube.com/@LucanPevidor,https://www.youtube.com/@LucanPevidor/videos
UC3rSkhwdqyIbX6bXno7UK9Q,@corbuzier,23700000,https://www.youtube.com/@corbuzier,https://www.youtube.com/@corbuzier/videos
UCXsXitjiT_8qPgNEFGPVfBA,@TechnicalGuruji,23700000,https://www.youtube.com/@TechnicalGuruji,https://www.youtube.com/@TechnicalGuruji/videos
UC99ylcEAEH82gQLl4pHSgng,@MengMengYuWuTong,23700000,https://www.youtube.com/@MengMengYuWuTong,https://www.youtube.com/@MengMengYuWuTong/videos
UCEAXqGOrT6uqN6XqlItD6vA,@KiddiestvHindi,23700000,https://www.youtube.com/@KiddiestvHindi,https://www.youtube.com/@KiddiestvHindi/videos
UC_J_2HxLExDed9fITZTUDXQ,@DharMann,23600000,https://www.youtube.com/@DharMann,https://www.youtube.com/@DharMann/videos
UCbwMZHCMpBiOWfYLBOH-9Qw,@loganpaulvlogs,23600000,https://www.youtube.com/@loganpaulvlogs,https://www.youtube.com/@loganpaulvlogs/videos
UCVAYy7_zddIx6USjXscV9Vg,@infinite,23600000,https://www.youtube.com/@infinite,https://www.youtube.com/@infinite/videos
UCqv_Kk7LS-kuyU5Td74zr9A,@NasyaOfficial,23600000,https://www.youtube.com/@NasyaOfficial,https://www.youtube.com/@NasyaOfficial/videos
UCSpW1wt1EOPpFoLW7uNe2cg,@degoboom,23600000,https://www.youtube.com/@degoboom,https://www.youtube.com/@degoboom/videos
UCmc3SanlEKAdNyNLWu_D7cg,@DrossRotzank,23600000,https://www.youtube.com/@DrossRotzank,https://www.youtube.com/@DrossRotzank/videos
UCj0sKQk9qjiIfNH22ZBWpxw,@PandaShorts,23600000,https://www.youtube.com/@PandaShorts,https://www.youtube.com/@PandaShorts/videos
UCuUhjN09hpTVRDypNexZeAA,@nomanofficial786,23500000,https://www.youtube.com/@nomanofficial786,https://www.youtube.com/@nomanofficial786/videos
UClJXZR68EbNb3Ny8U-hvskA,@Ravisagar88,23500000,https://www.youtube.com/@Ravisagar88,https://www.youtube.com/@Ravisagar88/videos
UCJhSN5ic1QXn1doXzdiiCGQ,@-genevievesplayhouse1465,23400000,https://www.youtube.com/@-genevievesplayhouse1465,https://www.youtube.com/@-genevievesplayhouse1465/videos
UCSvaaQGkoOmISS54UCITg4w,@LaGranjadelBorrego,23400000,https://www.youtube.com/@LaGranjadelBorrego,https://www.youtube.com/@LaGranjadelBorrego/videos
UCt6-x_4GZmi8LGo2MX6lH8w,@GH.S,23300000,https://www.youtube.com/@GH.S,https://www.youtube.com/@GH.S/videos
UChyRwrSQ5y0YhjiQvg3n5Ig,@WhatsIdea,23300000,https://www.youtube.com/@WhatsIdea,https://www.youtube.com/@WhatsIdea/videos
UCwRH985XgMYXQ6NxXDo8npw,@kurzgesagt,23300000,https://www.youtube.com/@kurzgesagt,https://www.youtube.com/@kurzgesagt/videos
UC0NkSnlCOhoODbykzZwpiDw,@albert_cancook,23300000,https://www.youtube.com/@albert_cancook,https://www.youtube.com/@albert_cancook/videos
UCudI1e4RoGS8Ypq0YaDTBOw,@yudistardhana,23200000,https://www.youtube.com/@yudistardhana,https://www.youtube.com/@yudistardhana/videos
UCHqlg6iNEmeqIk8ivcfkVFg,@officialajaysharma07,23200000,https://www.youtube.com/@officialajaysharma07,https://www.youtube.com/@officialajaysharma07/videos
UCR60erWn2_8aoaLE3OoVu4w,@mmoshaya,23200000,https://www.youtube.com/@mmoshaya,https://www.youtube.com/@mmoshaya/videos
client,@Vsauce,23100000,https://www.youtube.com/@Vsauce,https://www.youtube.com/@Vsauce/videos
UCv-yge5mA1i9P3ahJaOBWcQ,@kajalsoni,23100000,https://www.youtube.com/@kajalsoni,https://www.youtube.com/@kajalsoni/videos
client,@Miawaug,23000000,https://www.youtube.com/@Miawaug,https://www.youtube.com/@Miawaug/videos
UCD1Y9jhcMnSEWOZ2HE6YK9A,@Misskarishafacts,23000000,https://www.youtube.com/@Misskarishafacts,https://www.youtube.com/@Misskarishafacts/videos
UC0b0Sqf4sWAfGoQZmgfY6uw,@boxtoxtv,23000000,https://www.youtube.com/@boxtoxtv,https://www.youtube.com/@boxtoxtv/videos
UCFwKgzKe-EdTz83r6wzhmOw,@triggeredinsaan,23000000,https://www.youtube.com/@triggeredinsaan,https://www.youtube.com/@triggeredinsaan/videos
UCzI7wZyqk7jpXWT_MILjepw,@PauloLondra,22900000,https://www.youtube.com/@PauloLondra,https://www.youtube.com/@PauloLondra/videos
UCxJcrDUc8awRSLzLbnIiAmQ,@andtvchannel,22900000,https://www.youtube.com/@andtvchannel,https://www.youtube.com/@andtvchannel/videos
UC3BzPjKXYqTeTDAkzieE4DQ,@MSA.official,22900000,https://www.youtube.com/@MSA.official,https://www.youtube.com/@MSA.official/videos
UChewktw0knGnlc19e9FbURw,@thexoteam,22900000,https://www.youtube.com/@thexoteam,https://www.youtube.com/@thexoteam/videos
client,@THECHAINSMOKERS,22800000,https://www.youtube.com/@THECHAINSMOKERS,https://www.youtube.com/@THECHAINSMOKERS/videos
UC3pE4N2QKqZauMxz6v9CZqQ,@Anandcreation3,22700000,https://www.youtube.com/@Anandcreation3,https://www.youtube.com/@Anandcreation3/videos
UCU3Q7YbKNK6yTsG-g7v-5Ug,@NinjaKidz,22700000,https://www.youtube.com/@NinjaKidz,https://www.youtube.com/@NinjaKidz/videos
UCWlK0s4T4gyLavYiQTpSzKQ,@HappyMonkeyy,22700000,https://www.youtube.com/@HappyMonkeyy,https://www.youtube.com/@HappyMonkeyy/videos
UCZ3AmknSJtbzXCeO5a4peoQ,@LazarBeam,22600000,https://www.youtube.com/@LazarBeam,https://www.youtube.com/@LazarBeam/videos
UCF6jRAgCbSanHolKt0Vt6Qw,@6ix9ine,22500000,https://www.youtube.com/@6ix9ine,https://www.youtube.com/@6ix9ine/videos
UCTKnHCDLYqEigBOjlLG18Ww,@LOL-BrainRot,22500000,https://www.youtube.com/@LOL-BrainRot,https://www.youtube.com/@LOL-BrainRot/videos
UCJVVj00fR922EtwT3cq-tUw,@OFFICIALSRG96,22500000,https://www.youtube.com/@OFFICIALSRG96,https://www.youtube.com/@OFFICIALSRG96/videos
UC2tsySbe9TNrI-xh2lximHA,@GLENTYOUTUBE,22500000,https://www.youtube.com/@GLENTYOUTUBE,https://www.youtube.com/@GLENTYOUTUBE/videos
UCLeb1TMqCQcoAHvp1rnBoQA,@Bizarrap,22400000,https://www.youtube.com/@Bizarrap,https://www.youtube.com/@Bizarrap/videos
UCBAy1yyCcsjmNtQZTUpeXjA,@ArabGamesNetwork,22400000,https://www.youtube.com/@ArabGamesNetwork,https://www.youtube.com/@ArabGamesNetwork/videos
UCRv76wLBC73jiP7LX4C3l8Q,@Mashaurso,22400000,https://www.youtube.com/@Mashaurso,https://www.youtube.com/@Mashaurso/videos
client,@NBA,22400000,https://www.youtube.com/@NBA,https://www.youtube.com/@NBA/videos
UCcc8gzLuUqjTyp5AaxrAYgg,@jomyproductionshorts,22300000,https://www.youtube.com/@jomyproductionshorts,https://www.youtube.com/@jomyproductionshorts/videos
UCOutOIcn_oho8pyVN3Ng-Pg,@TV9Bharatvarsh,22300000,https://www.youtube.com/@TV9Bharatvarsh,https://www.youtube.com/@TV9Bharatvarsh/videos
client,@Blippi,22200000,https://www.youtube.com/@Blippi,https://www.youtube.com/@Blippi/videos
UCjmAh2qxmvWdH3xNPbg0IUQ,@jasonvlogslife,22200000,https://www.youtube.com/@jasonvlogslife,https://www.youtube.com/@jasonvlogslife/videos
UC-kW1hA5hzTsEkIk8V6dbOA,@fatosdesconhecidos,22200000,https://www.youtube.com/@fatosdesconhecidos,https://www.youtube.com/@fatosdesconhecidos/videos
client,@romeo,22100000,https://www.youtube.com/@romeo,https://www.youtube.com/@romeo/videos
UCEQX1dEJgKHqesXciq7lj0w,@ElTrollino,22100000,https://www.youtube.com/@ElTrollino,https://www.youtube.com/@ElTrollino/videos
UCbcgEy6jjs0GXPdnWqAE4_w,@lescopaque,22000000,https://www.youtube.com/@lescopaque,https://www.youtube.com/@lescopaque/videos
UCjZ-Ekz7JDN6GDXwusvSHvg,@smilefamily363,22000000,https://www.youtube.com/@smilefamily363,https://www.youtube.com/@smilefamily363/videos
UCuiyUjYZyG24sgzBG0P6WsQ,@linhnhishorts,21900000,https://www.youtube.com/@linhnhishorts,https://www.youtube.com/@linhnhishorts/videos
UCahfsvBGdcf6cQImCdcw_VQ,@MoosaTvInfo,21800000,https://www.youtube.com/@MoosaTvInfo,https://www.youtube.com/@MoosaTvInfo/videos
UCnoqvTW4YZExfDeq7_Wmd-w,@etvteluguindia,21800000,https://www.youtube.com/@etvteluguindia,https://www.youtube.com/@etvteluguindia/videos
UCqOwcxgDCjnHNgMt9A3Ua8w,@Belitskay,21800000,https://www.youtube.com/@Belitskay,https://www.youtube.com/@Belitskay/videos
UCh5mLn90vUaB1PbRRx_AiaA,@Sidemen,21800000,https://www.youtube.com/@Sidemen,https://www.youtube.com/@Sidemen/videos
UC6it8Tc6yFFVcbhp8W4OsIQ,@NaisaAlifiaYurizaNAY,21800000,https://www.youtube.com/@NaisaAlifiaYurizaNAY,https://www.youtube.com/@NaisaAlifiaYurizaNAY/videos
UCwnAOMuBD6NJVkyBn2Jg4IQ,@FACTFIREKING,21700000,https://www.youtube.com/@FACTFIREKING,https://www.youtube.com/@FACTFIREKING/videos
UCwD0mtMrm_lxRGurKzM2qUQ,@Chikulifevlogs,21700000,https://www.youtube.com/@Chikulifevlogs,https://www.youtube.com/@Chikulifevlogs/videos
UCl1oiiVVTQkD2zq8beALVjA,@golu008,21700000,https://www.youtube.com/@golu008,https://www.youtube.com/@golu008/videos
UCJplp5SjeGSdVdwsfb9Q7lQ,@LikeNastya_Vlog,21700000,https://www.youtube.com/@LikeNastya_Vlog,https://www.youtube.com/@LikeNastya_Vlog/videos
UCf5CjDJvsFvtVIhkfmKAwAA,@PinkPanther,21600000,https://www.youtube.com/@PinkPanther,https://www.youtube.com/@PinkPanther/videos
UCTQzgxB7DqYNr1rcvxRSwsQ,@salmannomanofficial,21600000,https://www.youtube.com/@salmannomanofficial,https://www.youtube.com/@salmannomanofficial/videos
UC2P1hbBE-J446ZhqhXFdgrg,@RobinHoodGamer1,21500000,https://www.youtube.com/@RobinHoodGamer1,https://www.youtube.com/@RobinHoodGamer1/videos
UCiqE9bJFJhPEOVGdpj2LdEg,@Jos%C3%A9TotoyPortugu%C3%AAs,21500000,https://www.youtube.com/@Jos%C3%A9TotoyPortugu%C3%AAs,https://www.youtube.com/@Jos%C3%A9TotoyPortugu%C3%AAs/videos
UCfIpFdLEnTfkXjcwsiO4dAA,@VijayKumarVinerVlogs,21500000,https://www.youtube.com/@VijayKumarVinerVlogs,https://www.youtube.com/@VijayKumarVinerVlogs/videos
client,@Mnet,21500000,https://www.youtube.com/@Mnet,https://www.youtube.com/@Mnet/videos
UC2HNqPgeKtVr2gZmLeeIk3g,@NickDiGiovanni,21500000,https://www.youtube.com/@NickDiGiovanni,https://www.youtube.com/@NickDiGiovanni/videos
UCw0ry7cLRUnq3Oaszlhgqfg,@DLSNews,21500000,https://www.youtube.com/@DLSNews,https://www.youtube.com/@DLSNews/videos
UCpB0KjJTBO3RYuRXuihu1Pw,@buzzfeedtasty,21400000,https://www.youtube.com/@buzzfeedtasty,https://www.youtube.com/@buzzfeedtasty/videos
UCHmk8iNJHvf5mGN6_pkPc7g,@EmiwayBantai,21400000,https://www.youtube.com/@EmiwayBantai,https://www.youtube.com/@EmiwayBantai/videos
UCOQNJjhXwvAScuELTT_i7cQ,@SonyLIV,21400000,https://www.youtube.com/@SonyLIV,https://www.youtube.com/@SonyLIV/videos
UCy-9luWldULjeNv6U-jZwtQ,@greengoldtv,21400000,https://www.youtube.com/@greengoldtv,https://www.youtube.com/@greengoldtv/videos
UCLEJtcaMQePVD5N8VD8JsfA,@cute.shivani.05,21300000,https://www.youtube.com/@cute.shivani.05,https://www.youtube.com/@cute.shivani.05/videos
UC90xz-i20jmoZhI8RMLzzjA,@vilmei,21300000,https://www.youtube.com/@vilmei,https://www.youtube.com/@vilmei/videos
UCvDaAIqRmcO1UDIx12jRuNQ,@noorstars,21300000,https://www.youtube.com/@noorstars,https://www.youtube.com/@noorstars/videos
UCLVQ7EjP5H9NxoYZlL5f4qg,@Cookieswirlc,21300000,https://www.youtube.com/@Cookieswirlc,https://www.youtube.com/@Cookieswirlc/videos
UCfRgJADdLXwrcjIuTxn_u3Q,@Slick_Slime_Sam_Spanish,21300000,https://www.youtube.com/@Slick_Slime_Sam_Spanish,https://www.youtube.com/@Slick_Slime_Sam_Spanish/videos
UC5xAPCVizxOfnMECMXkal2Q,@BaimPaula,21300000,https://www.youtube.com/@BaimPaula,https://www.youtube.com/@BaimPaula/videos
UC6j-DoEcBqvUtdyqjxxpGjA,@MrVivekBindra,21200000,https://www.youtube.com/@MrVivekBindra,https://www.youtube.com/@MrVivekBindra/videos
UCau6-7svf1fw2QCUJDj68eQ,@smilefamilyspanish1463,21100000,https://www.youtube.com/@smilefamilyspanish1463,https://www.youtube.com/@smilefamilyspanish1463/videos
UC4LMJ9BJLiwfAJTdnX7m_PA,@LittleAngel_Espa%C3%B1ol,21100000,https://www.youtube.com/@LittleAngel_Espa%C3%B1ol,https://www.youtube.com/@LittleAngel_Espa%C3%B1ol/videos
UC1ciY6kR3yj3kaKZ6R7ewAg,@Infobellsbengalirhymes,21100000,https://www.youtube.com/@Infobellsbengalirhymes,https://www.youtube.com/@Infobellsbengalirhymes/videos
UCXXnwJW6WTK2b3i3p6GLaPw,@gottalentglobal,21100000,https://www.youtube.com/@gottalentglobal,https://www.youtube.com/@gottalentglobal/videos
UC7cJxW7yAupoqacEMBgFp1A,@DEVKeFacts,21100000,https://www.youtube.com/@DEVKeFacts,https://www.youtube.com/@DEVKeFacts/videos
UCzvxYL6eJLqXDs3YHwirdXw,@itsbrothersvlog,21000000,https://www.youtube.com/@itsbrothersvlog,https://www.youtube.com/@itsbrothersvlog/videos
UCU7uY3wCPh9j39KXzOpqNaw,@canalcanalha,21000000,https://www.youtube.com/@canalcanalha,https://www.youtube.com/@canalcanalha/videos
UCqTFYCCiiI-5Bb_DbqywiQw,@matheuskriwat,21000000,https://www.youtube.com/@matheuskriwat,https://www.youtube.com/@matheuskriwat/videos
UC4rHBMP2rGPuFk9F-JlGzbQ,@klara_tania,21000000,https://www.youtube.com/@klara_tania,https://www.youtube.com/@klara_tania/videos
client,@gusttavolimaoficial,21000000,https://www.youtube.com/@gusttavolimaoficial,https://www.youtube.com/@gusttavolimaoficial/videos
UClK8w-hLJlhR6fL5_xQg_VA,@LikeNastya_VNM,21000000,https://www.youtube.com/@LikeNastya_VNM,https://www.youtube.com/@LikeNastya_VNM/videos
UCxwitsUVNzwS5XBSC5UQV8Q,@marvel,21000000,https://www.youtube.com/@marvel,https://www.youtube.com/@marvel/videos
UCHxiNbnE_4-Gw4oGfF8DDpg,@gordonramsay,21000000,https://www.youtube.com/@gordonramsay,https://www.youtube.com/@gordonramsay/videos
UCKSVUHI9rbbkXhvAXK-2uxA,@SupercarBlondie,20900000,https://www.youtube.com/@SupercarBlondie,https://www.youtube.com/@SupercarBlondie/videos
UC9CsZoTaHZqZjnNZv7v3T1g,@TayoBahasaIndonesia,20900000,https://www.youtube.com/@TayoBahasaIndonesia,https://www.youtube.com/@TayoBahasaIndonesia/videos
client,@SlivkiShow,20900000,https://www.youtube.com/@SlivkiShow,https://www.youtube.com/@SlivkiShow/videos
UCooVYzDxdwTtGYAkcPmOgOw,@BrawlStars,20800000,https://www.youtube.com/@BrawlStars,https://www.youtube.com/@BrawlStars/videos
UCT-vkVJZwqIK4HBdDRPgkgg,@FunForKidsTVHindiRhymes,20800000,https://www.youtube.com/@FunForKidsTVHindiRhymes,https://www.youtube.com/@FunForKidsTVHindiRhymes/videos
UC2pmfLm7iq6Ov1UwYrWYkZA,@SonyMusicSouthVEVO,20800000,https://www.youtube.com/@SonyMusicSouthVEVO,https://www.youtube.com/@SonyMusicSouthVEVO/videos
UCFXZBGS7J0IDINQc8xtMqCg,@scottsreality,20800000,https://www.youtube.com/@scottsreality,https://www.youtube.com/@scottsreality/videos
UCZGYvP6WnVWGM5F0QEAyoyg,@LaRosaDeGuadalupeOf,20800000,https://www.youtube.com/@LaRosaDeGuadalupeOf,https://www.youtube.com/@LaRosaDeGuadalupeOf/videos
UC63iwP6BtIjxB6xn1GKR6Lw,@emillyvickof,20800000,https://www.youtube.com/@emillyvickof,https://www.youtube.com/@emillyvickof/videos
UCoC47do520os_4DBMEFGg4A,@cnliziqi,20700000,https://www.youtube.com/@cnliziqi,https://www.youtube.com/@cnliziqi/videos
UCY7Iz6j2b2lbXnIOphdTxPw,@FabiosaBestLifehacks,20700000,https://www.youtube.com/@FabiosaBestLifehacks,https://www.youtube.com/@FabiosaBestLifehacks/videos
UCu309NTDRdZe_v878u-pm1Q,@Painzeiro,20600000,https://www.youtube.com/@Painzeiro,https://www.youtube.com/@Painzeiro/videos
UCQnZPHf1ka2YkAp8evQmwOA,@ASGamingsahil,20600000,https://www.youtube.com/@ASGamingsahil,https://www.youtube.com/@ASGamingsahil/videos
UCui_SuV6CzSgB1bdwL5utzg,@LikeNastya_IDN,20600000,https://www.youtube.com/@LikeNastya_IDN,https://www.youtube.com/@LikeNastya_IDN/videos
UCWwqHwqLSrdWMgp5DZG5Dzg,@TroomTroom_Es,20500000,https://www.youtube.com/@TroomTroom_Es,https://www.youtube.com/@TroomTroom_Es/videos
UCZLOlM5df0CXW9bP5MAeE7A,@ChetanMongaVlogs,20500000,https://www.youtube.com/@ChetanMongaVlogs,https://www.youtube.com/@ChetanMongaVlogs/videos
UC7Hx-aOZVDdE5kDowHpAY2Q,@hasantarhan,20500000,https://www.youtube.com/@hasantarhan,https://www.youtube.com/@hasantarhan/videos
UCSCHrDLjlO9sZk6iLEAuE0w,@tabii.urdu,20500000,https://www.youtube.com/@tabii.urdu,https://www.youtube.com/@tabii.urdu/videos
UCwohKbRK2QnojtLh3p7xwaA,@GoAmiGo,20400000,https://www.youtube.com/@GoAmiGo,https://www.youtube.com/@GoAmiGo/videos
UC9oZXgB6mB2L6PUZZGdUVRw,@Matt.Larose,20400000,https://www.youtube.com/@Matt.Larose,https://www.youtube.com/@Matt.Larose/videos
UCFWsjsN53Sqvg2pWhSFmWBQ,@grammygoldofficial,20400000,https://www.youtube.com/@grammygoldofficial,https://www.youtube.com/@grammygoldofficial/videos
UC2etEuPIfohP4P53wM0KImA,@5MinuteCraftsDIY,20400000,https://www.youtube.com/@5MinuteCraftsDIY,https://www.youtube.com/@5MinuteCraftsDIY/videos
UCJdyYbASZyUVu5RJWeVDWpw,@katakit_baby,20300000,https://www.youtube.com/@katakit_baby,https://www.youtube.com/@katakit_baby/videos
UCB8Ezju-2SqC35S7pPNk0qA,@PTXofficial,20300000,https://www.youtube.com/@PTXofficial,https://www.youtube.com/@PTXofficial/videos
UCzMoibQRslh_1bTuW0YXc6A,@AMARINTVHD,20300000,https://www.youtube.com/@AMARINTVHD,https://www.youtube.com/@AMARINTVHD/videos
UC8VddvuHJzIj__Ud0rY2_ww,@redbull,20300000,https://www.youtube.com/@redbull,https://www.youtube.com/@redbull/videos
UCYHWzzX-4go1g1aB6xQkiIA,@OflowEnt,20200000,https://www.youtube.com/@OflowEnt,https://www.youtube.com/@OflowEnt/videos
UCWQi3FCex2Zr9nmIV4WcOWg,@DEVKeExperiment,20200000,https://www.youtube.com/@DEVKeExperiment,https://www.youtube.com/@DEVKeExperiment/videos
UCNzSE9FMsoHFbW2uL5D467g,@LizaBaez,20200000,https://www.youtube.com/@LizaBaez,https://www.youtube.com/@LizaBaez/videos
UCo8bcnLyZH8tBIH9V1mLgqQ,@theodd1sout,20200000,https://www.youtube.com/@theodd1sout,https://www.youtube.com/@theodd1sout/videos
UCobCsXaWsPawN22tXWH0cbw,@GuiGe,20200000,https://www.youtube.com/@GuiGe,https://www.youtube.com/@GuiGe/videos
UCq8KR1lnewd5ZPx9_XKoubg,@JohnyFamilyShow,20100000,https://www.youtube.com/@JohnyFamilyShow,https://www.youtube.com/@JohnyFamilyShow/videos
UC1SaV8cJ5u5U9iEZS6QRbpg,@5MinuteCraftsPLAY,20100000,https://www.youtube.com/@5MinuteCraftsPLAY,https://www.youtube.com/@5MinuteCraftsPLAY/videos
UCnwY6Zz-FjqJEeD1Vv6K0bw,@LukeDidThat,20100000,https://www.youtube.com/@LukeDidThat,https://www.youtube.com/@LukeDidThat/videos
UCZMeVcAtZMZDtXPodW376sg,@AuthenticGames,20100000,https://www.youtube.com/@AuthenticGames,https://www.youtube.com/@AuthenticGames/videos
UCAgx4HcQIYn9lM0rhtIuH9w,@heidizidane9861,20100000,https://www.youtube.com/@heidizidane9861,https://www.youtube.com/@heidizidane9861/videos
client,@Mrwhosetheboss,20100000,https://www.youtube.com/@Mrwhosetheboss,https://www.youtube.com/@Mrwhosetheboss/videos
UC8aM33vIJaCUdEcVPf72s0g,@ThePoznavatel,20100000,https://www.youtube.com/@ThePoznavatel,https://www.youtube.com/@ThePoznavatel/videos
UC1tHMVFwZGiqRWe1nTtTZYg,@React,20100000,https://www.youtube.com/@React,https://www.youtube.com/@React/videos
UCPVhZsC2od1xjGhgEc2NEPQ,@VEVO,20000000,https://www.youtube.com/@VEVO,https://www.youtube.com/@VEVO/videos
UC-jtqdc85dFvk6vs0TmCr0g,@A2Motivation,20000000,https://www.youtube.com/@A2Motivation,https://www.youtube.com/@A2Motivation/videos
UCEKWXRsfUHkan-D_ljU8Asw,@BollywoodClassics,20000000,https://www.youtube.com/@BollywoodClassics,https://www.youtube.com/@BollywoodClassics/videos
UCPVhZsC2od1xjGhgEc2NEPQ,@VEVO,20000000,https://www.youtube.com/@VEVO,https://www.youtube.com/@VEVO/videos
client,@JimmyKimmelLive,19900000,https://www.youtube.com/@JimmyKimmelLive,https://www.youtube.com/@JimmyKimmelLive/videos
UC783dnzJqf2ghHp_pFLYbGA,@DesiMelodies,19900000,https://www.youtube.com/@DesiMelodies,https://www.youtube.com/@DesiMelodies/videos
UCPRUgAl_MV9PajsrG_BmT9w,@BuzzFeedVideo,19900000,https://www.youtube.com/@BuzzFeedVideo,https://www.youtube.com/@BuzzFeedVideo/videos
UCyfkoMQeJOoEt3ZhY3PI6Uw,@ColorsRishtey1,19900000,https://www.youtube.com/@ColorsRishtey1,https://www.youtube.com/@ColorsRishtey1/videos
UCNQAoLEv87L7NgUp4We3HIg,@CRAZYGREAPA,19800000,https://www.youtube.com/@CRAZYGREAPA,https://www.youtube.com/@CRAZYGREAPA/videos
UCYFQ33UIPERYx8-ZHucZbDA,@Apple,19800000,https://www.youtube.com/@Apple,https://www.youtube.com/@Apple/videos
UC0fvGpDXi7sV2hbgD-O47yw,@AmauryGuichonChef,19800000,https://www.youtube.com/@AmauryGuichonChef,https://www.youtube.com/@AmauryGuichonChef/videos
UCq-Fj5jknLsUf-MWSy4_brA,@hamaarbhojpuri,19800000,https://www.youtube.com/@hamaarbhojpuri,https://www.youtube.com/@hamaarbhojpuri/videos
UCYVinkwSX7szARULgYpvhLw,@MoreAliA,19800000,https://www.youtube.com/@MoreAliA,https://www.youtube.com/@MoreAliA/videos
UCQZfFRohQ7UX-0CdXl-6pwQ,@JukiLop,19700000,https://www.youtube.com/@JukiLop,https://www.youtube.com/@JukiLop/videos
UC7u9o8BHiJyH2_cef_nC7tQ,@DentalDigest,19700000,https://www.youtube.com/@DentalDigest,https://www.youtube.com/@DentalDigest/videos
UCRXRC8hRRMYEnumSWPpT17A,@TwinsFromRussiaRevega,19700000,https://www.youtube.com/@TwinsFromRussiaRevega,https://www.youtube.com/@TwinsFromRussiaRevega/videos
UCybzQL-nUUIcbobgx6CrvkQ,@huba3,19600000,https://www.youtube.com/@huba3,https://www.youtube.com/@huba3/videos
UC0FXfjJhmlEBjXDcBEkoNCg,@SriBalajiMovies,19600000,https://www.youtube.com/@SriBalajiMovies,https://www.youtube.com/@SriBalajiMovies/videos
UCqsS8fU6yVxrJr5y_CoUn3w,@HaerteTest,19600000,https://www.youtube.com/@HaerteTest,https://www.youtube.com/@HaerteTest/videos
UCmdmZp1K_kjXYBKgyqg_5LA,@DailyDoseOfInternet,19600000,https://www.youtube.com/@DailyDoseOfInternet,https://www.youtube.com/@DailyDoseOfInternet/videos
UCxMAbVFmxKUVGAll0WVGpFw,@cardib,19600000,https://www.youtube.com/@cardib,https://www.youtube.com/@cardib/videos
UCDod3BmyJaGN6uZaNg--rig,@JennaMarbles,19500000,https://www.youtube.com/@JennaMarbles,https://www.youtube.com/@JennaMarbles/videos
UCl6pXmQz1pNEVZ7MIhigAsA,@rsiammusic,19500000,https://www.youtube.com/@rsiammusic,https://www.youtube.com/@rsiammusic/videos
client,@HiBestMan,19500000,https://www.youtube.com/@HiBestMan,https://www.youtube.com/@HiBestMan/videos
UC0Vdv4N2cG6LixKtVZzZ11A,@MissaSinfonia,19500000,https://www.youtube.com/@MissaSinfonia,https://www.youtube.com/@MissaSinfonia/videos
UC0gnpMXQFvO9YsRZ_2adXPA,@diosdadojuarez,19500000,https://www.youtube.com/@diosdadojuarez,https://www.youtube.com/@diosdadojuarez/videos
UCUYA9nNP2Pgz5RF_oMvnqdQ,@miroska-tv,19500000,https://www.youtube.com/@miroska-tv,https://www.youtube.com/@miroska-tv/videos
UC8rHUssNDJ9YEjfduAqJBmw,@tanboykun,19400000,https://www.youtube.com/@tanboykun,https://www.youtube.com/@tanboykun/videos
UCN7B-QD0Qgn2boVH5Q0pOWg,@BBCHindi,19400000,https://www.youtube.com/@BBCHindi,https://www.youtube.com/@BBCHindi/videos
UCJFbtOu0MKbZOzhJ2fWdnXQ,@luismendez1405,19400000,https://www.youtube.com/@luismendez1405,https://www.youtube.com/@luismendez1405/videos
UCYCh5_-In6wtzWR-s_kM03w,@HT2905,19400000,https://www.youtube.com/@HT2905,https://www.youtube.com/@HT2905/videos
