Channel Name,youtube_channel_url,Display Name,Title,Subscribers,Country,Avg Views,Avg Likes,Avg Comments
mrbeast,https://www.youtube.com/@,mrbeast,MrBeast,332600000.0,United States,145500000.0,5200000.0,4800.0
tseries,,tseries,T-Series,279600000.0,India,87100.0,2200.0,115.0
cocomelon,,cocomelon,Cocomelon - Nursery Rhymes,186500000.0,Unknown,2100000.0,32500.0,0.0
setindia,,setindia,SET India,179400000.0,India,17000.0,277.0,5.0
vladandniki,,vladandniki,Vlad and Niki,128400000.0,Unknown,1500000.0,5100.0,0.0
kidsdianashow,,kidsdianashow,✿ Kids Diana Show,128400000.0,Unknown,1200000.0,3100.0,0.0
likenastyaofficial,,likenastyaofficial,Like Nastya,123100000.0,Unknown,9100000.0,19100.0,0.0
zeemusiccompany,,zeemusiccompany,Zee Music Company,112400000.0,India,15100.0,457.0,6.0
pewdiepie,,pewdiepie,PewDiePie,110400000.0,United States,2200000.0,128800.00000000001,5900.0
wwe,,wwe,WWE,105500000.0,United States,226400.0,10600.0,264.0
goldminestelefilms,,goldminestelefilms,Goldmines,101600000.0,India,13800.0,146.0,8.0
stokestwins,,stokestwins,Stokes Twins,99200000.0,United States,37900000.0,1100000.0,6400.0
sonysab,,sonysab,Sony SAB,97300000.0,India,27700.0,510.0,24.0
chuchutv,,chuchutv,ChuChu TV Nursery Rhymes & Kids Songs,94000000.0,Unknown,769700.0,15300.0,0.0
zeetv,,zeetv,Zee TV,85800000.0,India,6100.0,104.0,1.0
5minutecraftsyoutube,,5minutecraftsyoutube,5-Minute Crafts,81100000.0,India,72500.0,477.0,20.0
bts,,bts,BANGTANTV,79300000.0,India,312900.0,90700.0,3500.0
pinkfong,,pinkfong,Baby Shark - Pinkfong Kids’ Songs & Stories,79000000.0,Unknown,485200.0,2600.0,0.0
colorstv,,colorstv,Colors TV,77400000.0,India,4500.0,56.0,1.0
hybelabels,,hybelabels,HYBE LABELS,76200000.0,United States,229800.0,22400.0,509.0
tseriesbhaktisagar,,tseriesbhaktisagar,T-Series Bhakti Sagar,72400000.0,India,15500.0,414.0,25.0
a4a4a4a4,,a4a4a4a4,A4,70800000.0,Russia,2300000.0,114000.0,4300.0
tipsofficial,,tipsofficial,Tips Official,70600000.0,India,48500.0,566.0,17.0
filmigaane,,filmigaane,Shemaroo Filmi Gaane,70100000.0,Unknown,19200.0,185.0,9.0
cristiano,,cristiano,UR · Cristiano,69600000.0,India,2300000.0,271400.0,11500.0
kimpro828,,kimpro828,김프로KIMPRO,69400000.0,Indonesia,3100000.0,104400.0,395.0
aajtak,,aajtak,Aaj Tak,68500000.0,India,5200.0,93.0,3.0
alanchikinchow,,alanchikinchow,Alan Chikin Chow,68400000.0,India,3800000.0,165000.0,646.0
zamzamelectronicstradingllc,,zamzamelectronicstradingllc,ZAMZAM ELECTRONICS TRADING,68300000.0,India,194200.0,16200.0,246.0
kondzilla,,kondzilla,Canal KondZilla,67500000.0,Brazil,7500.0,308.0,4.0
toysandcolors,,toysandcolors,Toys and Colors,67200000.0,Unknown,2300000.0,3400.0,0.0
elreinoinfantil,,elreinoinfantil,El Reino Infantil,66900000.00000001,Unknown,159000.0,774.0,0.0
infobellshindirhymes,,infobellshindirhymes,Infobells - Hindi,66200000.0,Unknown,446100.0,2700.0,0.0
wavemusicindia,,wavemusicindia,Wave Music,63500000.0,Unknown,17900.0,400.0,30.0
eminem,,eminem,EminemMusic,63100000.0,United States,2200000.0,156400.0,8100.0
movieclips,,movieclips,Movieclips,62700000.0,United States,23400.0,246.0,9.0
yrf,,yrf,YRF,62700000.0,India,41900.0,1800.0,21.0
sonymusicindia,,sonymusicindia,Sony Music India,62700000.0,India,18100.0,644.0,9.0
harpalgeoofficial,,harpalgeoofficial,HAR PAL GEO,62500000.0,Pakistan,7200.0,90.0,1.0
klbrobijurithvik1,,klbrobijurithvik1,KL BRO Biju Rithvik,61100000.0,India,4900000.0,151300.0,298.0
dudeperfect,,dudeperfect,Dude Perfect,60600000.0,United States,7700000.0,196000.0,4500.0
markrober,,markrober,Mark Rober,59800000.0,United States,14000000.0,364100.0,3900.0
arydigitalasia,,arydigitalasia,ARY Digital HD,59600000.0,Pakistan,17600.0,286.0,4.0
loolookids,,loolookids,LooLoo Kids - Nursery Rhymes and Children's Songs,59200000.0,Unknown,206900.0,1000.0,0.0
fedevigevani,,fedevigevani,Fede Vigevani,59000000.0,Mexico,7600000.0,399300.0,11200.0
billionsurprisetoys,,billionsurprisetoys,Billion Surprise Toys,57600000.0,Unknown,104200.0,250.0,0.0
marshmello,,marshmello,Marshmello,57600000.0,United States,61600.0,3800.0,227.0
shemaroo,,shemaroo,Shemaroo,56100000.0,India,9400.0,79.0,4.0
yoloaventuras,,yoloaventuras,YOLO AVENTURAS,55800000.0,Mexico,1700000.0,57100.0,633.0
pandaboi,,pandaboi,PANDA BOI,55800000.0,India,118700.0,4900.0,52.0
edsheeran,,edsheeran,Ed Sheeran,55400000.0,United States,34400.0,3300.0,106.0
arianagrande,,arianagrande,Ariana Grande,55000000.0,United States,89800.0,13100.0,480.0
billieeilish,,billieeilish,Billie Eilish,53800000.0,United States,318900.0,0.0,337.0
shriprashant,,shriprashant,आचार्य प्रशान्त - Acharya Prashant,53500000.0,India,100800.0,10800.0,56.0
getmovies,,getmovies,Get Movies,53300000.0,Unknown,33100.0,107.0,0.0
mikecrack,,mikecrack,Mikecrack,53200000.0,Mexico,729100.0,20900.0,1700.0
sonymusicindiavevo,,sonymusicindiavevo,SonyMusicIndiaVEVO,53000000.0,India,81500.0,688.0,27.0
alejoigoa,,alejoigoa,Alejo Igoa,52600000.0,Argentina,4099999.9999999995,89000.0,4900.0
jessnolimit,,jessnolimit,Jess No Limit,52300000.0,Indonesia,282600.0,7600.0,803.0
mashabearrussian,,mashabearrussian,Маша и Медведь,52000000.0,Unknown,805400.0,6400.0,0.0
juegagerman,,juegagerman,JuegaGerman,51700000.0,Mexico,1300000.0,65700.0,2100.0
abscbnentertainment,,abscbnentertainment,ABS-CBN Entertainment,50500000.0,Philippines,454.0,5.0,0.0
jiocinemakidspremium,,jiocinemakidspremium,JioCinema Kids,50000000.0,Unknown,11200.0,86.0,0.0
mashabearen,,mashabearen,Masha and The Bear,49900000.0,Unknown,237700.0,2400.0,0.0
beterbocuk,,beterbocuk,BETER BÖCÜK,49800000.0,India,147000.0,6300.0,55.0
luccastoon,,luccastoon,LUCCAS NETO - LUCCAS TOON,49700000.0,Brazil,678900.0,21400.0,0.0
starplus,,starplus,StarPlus,49600000.0,India,29000.0,439.0,7.0
saregamamusic,,saregamamusic,Saregama Music,49500000.0,India,39900.0,899.0,51.0
realfoolsshorts63,,realfoolsshorts63,Real fools shorts official,48900000.0,India,3200000.0,155300.0,919.0
fernanfloo,,fernanfloo,Fernanfloo,48100000.0,Mexico,3800000.0,498200.0,42000.0
topperguild,,topperguild,Topper Guild,47900000.0,United States,3800000.0,44800.0,1600.0
ricisofficial1795,,ricisofficial1795,Ricis Official,47700000.0,Indonesia,85200.0,3700.0,44.0
badabunoficial,,badabunoficial,Badabun,47700000.0,Mexico,4200.0,93.0,9.0
ishtarmusic,,ishtarmusic,Ishtar Music,47300000.0,India,9600.0,233.0,4.0
shakira,,shakira,Shakira,47300000.0,United States,637100.0,18300.0,1200.0
shfa2,,shfa2,shfa2 - شفا,47100000.0,Unknown,1200000.0,10800.0,0.0
felipeneto,,felipeneto,Felipe Neto,46900000.0,Brazil,411600.0,43200.0,768.0
mrbeast2,,mrbeast2,MrBeast 2,46700000.0,United States,10000000.0,329200.0,2000.0
shfa-1,,shfa-1,shfa,46600000.0,Unknown,7500000.0,67800.0,0.0
dushyant_kukreja,,dushyant_kukreja,Dushyant kukreja,46500000.0,India,1900000.0,47900.0,190.0
anayakandhal,,anayakandhal,Anaya Kandhal,46200000.0,India,2300000.0,34000.0,27.0
alanwalkermusic,,alanwalkermusic,Alan Walker,46100000.0,United States,83600.0,7800.0,257.0
abpnews,,abpnews,ABP NEWS,46100000.0,India,3200.0,55.0,1.0
mariaclaraejp,,mariaclaraejp,Maria Clara & JP,45900000.0,Unknown,1300000.0,15300.0,0.0
vocesabia,,vocesabia,Você Sabia?,45900000.0,Brazil,230900.0,17700.0,775.0
katyperry,,katyperry,Katy Perry,45700000.0,Unknown,34100.0,2600.0,141.0
speedrecords,,speedrecords,Speed Records,45300000.0,India,21200.0,647.0,12.0
alfredolarin,,alfredolarin,Alfredo Larin,45100000.0,El Salvador,7000000.0,271400.0,1600.0
sonypal,,sonypal,Sony PAL,44800000.0,India,10100.0,111.0,4.0
zhong,,zhong,Zhong,44800000.0,United States,1100000.0,38000.0,142.0
whindersson,,whindersson,whinderssonnunes,44700000.0,Brazil,27300.0,3700.0,55.0
brightsideofficial,,brightsideofficial,BRIGHT SIDE,44700000.0,United States,18900.0,242.0,12.0
issei0806,,issei0806,ISSEI / いっせい,44700000.0,India,1500000.0,67900.0,78.0
dafuqboom,,dafuqboom,DaFuq!?Boom!,44500000.0,United States,5200000.0,373400.0,9400.0
humtv,,humtv,HUM TV,44400000.0,Pakistan,6700.0,122.0,1.0
gaanesuneansune,,gaanesuneansune,Goldmines Gaane Sune Ansune,44300000.0,India,24500.0,231.0,9.0
likenastya_show,,likenastya_show,Like Nastya Show,44100000.0,Unknown,65200.0,276.0,0.0
powerkidstv,,powerkidstv,PowerKids TV,44000000.0,India,32000.0,0.0,3.0
totalgaming093,,totalgaming093,Total Gaming,44000000.0,India,1200000.0,75100.0,9800.0
indiatv,,indiatv,IndiaTV,43800000.0,India,6000.0,131.0,3.0
shortsbreak_official,,shortsbreak_official,Shorts Break,43800000.0,India,3100000.0,215400.0,414.0
tseriesoldisgold,,tseriesoldisgold,T-Series Bollywood Classics,43800000.0,India,237300.0,1800.0,47.0
luisitocomunica,,luisitocomunica,Luisito Comunica,43600000.0,Mexico,5000000.0,88200.0,2600.0
genevievesplayhouse,,genevievesplayhouse,Genevieve's Playhouse - Learning Videos for Kids,43600000.0,Unknown,49100.0,268.0,0.0
mrindianhacker,,mrindianhacker,MR. INDIAN HACKER,43400000.0,India,2500000.0,267700.0,2100.0
technogamerzofficial,,technogamerzofficial,Techno Gamerz,43400000.0,India,5300000.0,252300.0,14000.0
aboflah,,aboflah,AboFlah,43400000.0,Iraq,3900000.0,297500.0,13400.0
supersimplesongs,,supersimplesongs,Super Simple Songs - Kids Songs,43200000.0,Unknown,1200000.0,1800.0,0.0
ultrabollywood,,ultrabollywood,Ultra Bollywood,42400000.0,India,10900.0,108.0,3.0
tedx,,tedx,TEDx Talks,42000000.0,United States,102.0,2.0,0.0
thedonato,,thedonato,TheDonato,42000000.0,Mexico,495800.0,28000.0,658.0
workpointofficial,,workpointofficial,WorkpointOfficial,41900000.0,Thailand,5700.0,120.0,1.0
one31official,,one31official,ช่อง one31,41800000.0,Thailand,5700.0,110.0,1.0
jingletoons,,jingletoons,Jingle Toons,41800000.0,India,56800.0,377.0,0.0
gr6explode,,gr6explode,GR6 EXPLODE,41600000.0,Brazil,116500.0,5000.0,142.0
vladvaniki1,,vladvaniki1,Vlad và Niki,41600000.0,Unknown,119200.0,400.0,0.0
likenastya_esp,,likenastya_esp,Like Nastya ESP,41600000.0,Unknown,113400.0,365.0,0.0
lagranjadezenon,,lagranjadezenon,La Granja de Zenón,41500000.0,Unknown,252400.0,2200.0,0.0
juandediospantojaa,,juandediospantojaa,Juan De Dios Pantoja,41400000.0,Mexico,3000000.0,117300.0,3800.0
littlebabybum,,littlebabybum,Little Baby Bum - Nursery Rhymes & Kids Songs,41200000.0,Unknown,50200.0,687.0,0.0
akshaynagwadiya,,akshaynagwadiya,Akshay Nagwadiya,41000000.0,India,380500.0,11200.0,28.0
frostdiamond,,frostdiamond,Frost Diamond,40600000.0,Indonesia,303500.0,5400.0,349.0
zachking,,zachking,Zach King,40400000.0,United States,1100000.0,40200.0,248.0
lankybox,,lankybox,LankyBox,40200000.0,United States,183900.0,2100.0,296.0
enaldinho,,enaldinho,Enaldinho,40100000.0,Brazil,1500000.0,41100.0,1000.0
dangaltvchannel,,dangaltvchannel,Dangal TV Channel,40100000.0,India,32900.0,462.0,5.0
priyal_kukreja,,priyal_kukreja,Priyal Kukreja,40000000.0,India,1700000.0,43600.0,211.0
torung,,torung,ToRung,39800000.0,United States,1800000.0,53500.0,77.0
jasonderulo,,jasonderulo,Jason Derulo,39600000.0,United States,38300.0,1100.0,12.0
brunomars,,brunomars,Bruno Mars,39500000.0,United States,18000000.0,486400.0,15000.0
celinedept,,celinedept,Celine Dept,39500000.0,United States,5000000.0,165800.0,1200.0
gulshankalra07,,gulshankalra07,Gulshan Kalra,39400000.0,India,387900.0,18300.0,43.0
babybus,,babybus,BabyBus - Kids Songs and Cartoons,39300000.0,Unknown,398500.0,1100.0,0.0
heroindori,,heroindori,Heroindori,39000000.0,India,584800.0,4900.0,29.0
leonatafamily,,leonatafamily,LeoNata Family,39000000.0,United States,485700.0,7500.0,15.0
wowkidz1,,wowkidz1,WowKidz,38600000.0,Unknown,31700.0,590.0,0.0
mashaoso,,mashaoso,Masha y el Oso,38500000.0,Unknown,553400.0,3100.0,0.0
kidsromashow,,kidsromashow,★ Kids Roma Show,38500000.0,Unknown,722600.0,2100.0,0.0
karolg,,karolg,KAROL G,38400000.0,Colombia,25100000.0,616400.0,73700.0
"youtube
",,youtube,YouTube,38400000.0,United States,2900000.0,3900.0,660.0
theellenshow,,theellenshow,TheEllenShow,38400000.0,United States,7600.0,139.0,13.0
zeenews,,zeenews,Zee News,38400000.0,India,7100.0,132.0,6.0
ryansworld,,ryansworld,Ryan's World,38300000.0,Unknown,74300.0,681.0,0.0
jkk_entertainment,,jkk_entertainment,Jkk Entertainment,38200000.0,India,232700.0,1900.0,67.0
unknownboyvarun7,,unknownboyvarun7,unknown boy varun,38000000.0,India,1700000.0,93700.0,175.0
tseriesapnapunjab,,tseriesapnapunjab,T-Series Apna Punjab,37800000.0,India,15100.0,385.0,15.0
dianaandromaesp,,dianaandromaesp,Diana and Roma ESP,37800000.0,Unknown,204100.0,480.0,0.0
rajshri,,rajshri,Rajshri,37700000.0,India,10300.0,71.0,2.0
peppapigofficial,,peppapigofficial,Peppa Pig - Official Channel,37600000.0,Unknown,85200.0,367.0,0.0
spiderslack,,spiderslack,Spider Slack,37200000.0,Brazil,400900.0,20100.0,128.0
ozuna,,ozuna,Ozuna,37200000.0,United States,12300.0,1200.0,31.0
gmanetwork,,gmanetwork,GMA Network,37200000.0,Philippines,1400.0,30.0,0.0
markiplier,,markiplier,Markiplier,37200000.0,United States,1700000.0,91500.0,2400.0
karlabustillos,,karlabustillos,Karla Bustillos,37000000.0,Mexico,1000000.0,48000.0,1400.0
tuzelityofficial,,tuzelityofficial,tuzelity SHUFFLE,36800000.0,India,686100.0,17400.0,90.0
hamsterkombat_official,,hamsterkombat_official,Hamster Kombat,36700000.0,Russia,1900000.0,136400.0,3900.0
dednahype,,dednahype,dednahype,36600000.0,United States,283000.0,4300.0,12.0
martaandrustam,,martaandrustam,Marta and Rustam,36600000.0,India,528500.0,9200.0,14.0
theweeknd,,theweeknd,The Weeknd,36600000.0,United States,2200000.0,77600.0,3100.0
mavigadgets,,mavigadgets,MaviGadget,36400000.0,Unknown,45700.0,751.0,3.0
lucasandmarcus,,lucasandmarcus,Lucas and Marcus,36400000.0,United States,407800.0,10700.0,205.0
worldwiderecordsbhojpuri,,worldwiderecordsbhojpuri,Worldwide Records Bhojpuri,36200000.0,India,43300.0,862.0,28.0
disneymusicvevo,,disneymusicvevo,DisneyMusicVEVO,36000000.0,United States,12900.0,457.0,23.0
geetmp3,,geetmp3,Geet MP3,35800000.0,Unknown,964300.0,18100.0,1100.0
bispobrunoleonardo,,bispobrunoleonardo,Bispo Bruno Leonardo,35700000.0,Brazil,1400000.0,516600.0,232000.0
ch3thailand,,ch3thailand,Ch3Thailand,35600000.0,Thailand,23600.0,529.0,10.0
mujjuu___14,,mujjuu___14,mujjuu___14,35500000.0,India,5400000.0,158400.0,124.0
ianlucasoficial,,ianlucasoficial,Ian Lucas,35100000.0,Argentina,1600000.0,64599.99999999999,7000.0
adityamovies,,adityamovies,Aditya Movies,35100000.0,India,12200.0,303.0,3.0
tilak,,tilak,Tilak,35000000.0,India,9200.0,181.0,11.0
williesalim,,williesalim,Willie Salim,34900000.0,Indonesia,29200.0,0.0,80.0
vladnikihindi,,vladnikihindi,व्लाद और निकिता,34900000.0,Unknown,69900.0,242.0,0.0
selenagomez,,selenagomez,Selena Gomez,34900000.0,United States,964100.0,23500.0,1600.0
sssniperwolf,,sssniperwolf,SSSniperWolf,34700000.0,United States,848400.0,18600.0,1800.0
jbalvin,,jbalvin,J Balvin,34700000.0,Colombia,10500.0,623.0,24.0
beatboxjcop,,beatboxjcop,BeatboxJCOP,34600000.0,India,3600000.0,176000.0,386.0
shemaroomovies,,shemaroomovies,Shemaroo Movies,34500000.0,India,34600.0,260.0,9.0
pokemonasiahindiofficial,,pokemonasiahindiofficial,Pokémon Asia Official (Hindi),34500000.0,India,573200.0,0.0,0.0
sagawa,,sagawa,Sagawa /さがわ,34500000.0,United States,563500.0,17400.0,71.0
nichlmao,,nichlmao,NichLmao,34400000.0,United States,718800.0,29900.0,290.0
brentrivera,,brentrivera,Brent Rivera,34300000.0,United States,768600.0,30800.0,356.0
vegetta777,,vegetta777,VEGETTA777,34300000.0,Mexico,185700.0,15600.0,216.0
khandeshimovies,,khandeshimovies,KHANDESHI MOVIES,34100000.0,India,991400.0,0.0,110.0
thatlittlepuff,,thatlittlepuff,That Little Puff,34100000.0,United States,497600.0,28400.0,127.0
mrbean,,mrbean,Mr Bean,34100000.0,India,112700.0,938.0,52.0
nocopyrightsounds,,nocopyrightsounds,NoCopyrightSounds,33900000.0,United States,45800.0,3000.0,200.0
rezendeevil,,rezendeevil,rezendeevil,33900000.0,Brazil,228500.0,16000.0,366.0
adityamusic,,adityamusic,Aditya Music,33600000.0,India,6700.0,200.0,1.0
mrdegreeofficial,,mrdegreeofficial,Mr DegrEE,33500000.0,United States,1200000.0,28000.0,43.0
tsurikishow,,tsurikishow,Tsuriki Show,33500000.0,India,238400.0,3800.0,4.0
infobellstelugurhymes,,infobellstelugurhymes,infobells - Telugu,33500000.0,Unknown,172300.0,1300.0,0.0
ishowspeed,,ishowspeed,IShowSpeed,33500000.0,United States,2400000.0,82800.0,2500.0
sujalthakral,,sujalthakral,Sujal Thakral,33500000.0,India,1200000.0,40500.0,69.0
goldminesdishoom,,goldminesdishoom,Goldmines Dishoom,33400000.0,Unknown,10300.0,118.0,0.0
dona_mukbang,,dona_mukbang,DONA 도나,33299999.999999996,United States,205100.0,1000.0,44.0
daniellabelle,,daniellabelle,Daniel LaBelle,33299999.999999996,United States,13500000.0,533000.0,2000.0
kidschannelindia,,kidschannelindia,Kids Channel India - Hindi Rhymes and Baby Songs,33100000.0,Unknown,218300.0,6700.0,0.0
ishaanali11,,ishaanali11,Ishaan Ali 11,33100000.0,India,597000.0,60600.0,215.0
infobellstamilrhymes,,infobellstamilrhymes,infobells - Tamil,32900000.0,Unknown,384000.0,2600.0,0.0
benazelart,,benazelart,Ben Azelart,32900000.0,United States,9200000.0,169100.0,17400.0
littleangel,,littleangel,Little Angel: Nursery Rhymes & Kids Songs,32900000.0,Unknown,218100.0,0.0,0.0
chotanawab,,chotanawab,Chotanawab,32900000.0,India,654200.0,71100.0,503.0
goldminesbollywood,,goldminesbollywood,Goldmines Bollywood,32799999.999999996,India,6900.0,46.0,2.0
smtown,,smtown,SMTOWN,32799999.999999996,United States,244800.0,27600.0,1400.0
teamactors,,teamactors,Filmy Suraj Actor,32500000.0,India,5900000.0,188400.0,429.0
dbillions,,dbillions,D Billions,32500000.0,Unknown,373300.0,1500.0,0.0
toyoraljanahtv,,toyoraljanahtv,قناة طيور الجنة | toyoraljanahtv,32299999.999999996,Unknown,115500.0,0.0,0.0
imaginedragons,,imaginedragons,ImagineDragons,32299999.999999996,United States,343100.0,14000.0,478.0
talkingtom,,talkingtom,Talking Tom,32299999.999999996,United States,155900.0,1500.0,0.0
indosiar,,indosiar,Indosiar,32299999.999999996,Indonesia,33200.0,520.0,25.0
yoeslan,,yoeslan,Yoeslan,32100000.0,India,477300.0,9500.0,34.0
crazyxyz,,crazyxyz,Crazy XYZ,32100000.0,India,3000000.0,165000.0,7400.0
luisfonsi,,luisfonsi,Luis Fonsi,32100000.0,United States,6400.0,915.0,40.0
fallontonight,,fallontonight,The Tonight Show Starring Jimmy Fallon,32100000.0,United States,111600.0,2500.0,168.0
genialbrightsidespanish,,genialbrightsidespanish,GENIAL,31900000.0,Mexico,8700.0,214.0,8.0
azhan5star,,azhan5star,Azhan5star,31900000.0,India,338200.0,14300.0,65.0
dannyfitt,,dannyfitt,Danny Fitt,31800000.0,Mexico,315000.0,11800.0,357.0
nickjr,,nickjr,Nick Jr.,31700000.0,Unknown,316700.0,1200.0,0.0
thelallantop,,thelallantop,The Lallantop,31700000.0,India,22600.0,476.0,50.0
bouncepatrol,,bouncepatrol,Bounce Patrol - Kids Songs,31700000.0,Unknown,840700.0,2800.0,0.0
spinninrecords,,spinninrecords,Spinnin' Records,31500000.0,United States,7000.0,285.0,6.0
attahalilintar,,attahalilintar,AH,31500000.0,Indonesia,98100.0,5000.0,46.0
ultrarecords,,ultrarecords,Ultra Records,31300000.0,United States,10400.0,384.0,14.0
boramtubevlog4821,,boramtubevlog4821,Boram Tube Vlog [보람튜브 브이로그],31100000.0,Unknown,18200.0,91.0,0.0
jacksepticeye,,jacksepticeye,jacksepticeye,30900000.0,United States,1700000.0,76100.0,4000.0
capitanyolotroll,,capitanyolotroll,YOLO,30800000.0,Mexico,406200.0,15600.0,144.0
amirodriguezz,,amirodriguezz,Ami Rodriguez,30700000.0,Colombia,62700.0,3600.0,68.0
thegeetagurjar,,thegeetagurjar,The geeta gurjar,30700000.0,India,799700.0,11900.0,11.0
zachchoi,,zachchoi,Zach Choi ASMR,30700000.0,United States,97000.0,1800.0,74.0
kidstv,,kidstv,Kids TV - Nursery Rhymes And Baby Songs,30500000.0,Unknown,97500.0,1200.0,0.0
duduecarol,,duduecarol,DUDU e CAROL,30500000.0,Brazil,445200.0,12600.0,97.0
iamneetubisht,,iamneetubisht,Neetu Bisht,30400000.0,Unknown,1200000.0,57000.0,621.0
bigschoolminecraft,,bigschoolminecraft,BigSchool,30300000.0,United States,28400.0,1600.0,4.0
shawnmendes,,shawnmendes,Shawn Mendes,30300000.0,United States,204600.0,11800.0,388.0
trapnation,,trapnation,Trap Nation,30300000.0,United States,34800.0,1100.0,43.0
maluma_official,,maluma_official,Maluma,30300000.0,Colombia,60100.0,2900.0,182.0
bayashitv_,,bayashitv_,Bayashi TV,30100000.0,United States,2200000.0,165200.0,1100.0
_vector_,,_vector_,_vector_,30100000.0,United States,888100.0,53100.0,542.0
cainguzman,,cainguzman,Caín Guzmán,30000000.0,Mexico,273900.0,9100.0,37.0
bobbyprankster,,bobbyprankster,Bobby chourasiya,30000000.0,India,4600000.0,217000.0,238.0
agt,,agt,America's Got Talent,29900000.0,United States,79000.0,1900.0,55.0
jypentertainment,,jypentertainment,JYP Entertainment,29900000.0,United States,56500.0,7500.0,276.0
souravjoshivlogs7028,,souravjoshivlogs7028,Sourav Joshi Vlogs,29900000.0,India,5100000.0,221700.0,6200.0
toycantando,,toycantando,toycantando,29900000.0,Unknown,90100.0,1400.0,0.0
vladandnikidn,,vladandnikidn,Vlad and Niki IDN,29500000.0,Unknown,275800.0,845.0,0.0
abp_live,,abp_live,ABPLIVE,29500000.0,India,1400.0,25.0,1.0
shfashowindia,,shfashowindia,shfa show India,29300000.0,Unknown,1300000.0,6300.0,0.0
alanbecker,,alanbecker,Alan Becker,29300000.0,United States,1400000.0,40800.0,2100.0
netflix,,netflix,Netflix,29300000.0,United States,99400.0,1800.0,114.0
renatogarciayoutuber,,renatogarciayoutuber,Renato Garcia YT,29300000.0,Unknown,918800.0,65000.0,1700.0
beneagleofficial,,beneagleofficial,BEN EAGLE,29200000.0,Unknown,72700.0,2000.0,24.0
kidibli,,kidibli,Kidibli (Kinder Spielzeug Kanal),29200000.0,Unknown,135100.0,157.0,0.0
news18india,,news18india,News18 India,29100000.0,India,3800.0,74.0,1.0
dantdm,,dantdm,DanTDM,29100000.0,United States,887600.0,83900.0,2600.0
suntv,,suntv,Sun TV,29000000.0,India,11200.0,242.0,1.0
dianaromaara,,dianaromaara,Diana and Roma ARA,28900000.0,Unknown,222600.0,638.0,0.0
wizkhalifa,,wizkhalifa,Wiz Khalifa,28900000.0,United States,19500.0,1500.0,116.0
prestonyt,,prestonyt,Preston,28700000.0,United States,943600.0,28100.0,417.0
vaniamaniakids,,vaniamaniakids,Vania Mania Kids,28700000.0,Unknown,167700.0,332.0,0.0
raffytulfoinaction,,raffytulfoinaction,Raffy Tulfo in Action,28700000.0,Philippines,226000.0,3800.0,169.0
viralhog,,viralhog,ViralHog,28600000.0,United States,16700.0,592.0,6.0
wbkids,,wbkids,WB Kids,28500000.0,Unknown,26300.0,567.0,0.0
ultramovieparlour,,ultramovieparlour,Ultra Movie Parlour,28500000.0,India,33400.0,317.0,12.0
penmovies,,penmovies,Pen Movies,28300000.0,India,8300.0,399.0,2.0
invictorgs3,,invictorgs3,invictor,28100000.0,Mexico,605900.0,14800.0,482.0
dianaromahin,,dianaromahin,Diana and Roma HIN,28100000.0,Unknown,26800.0,56.0,0.0
rafaeluizoficial,,rafaeluizoficial,Rafa & Luiz,27900000.0,Brazil,545100.0,18900.0,430.0
justinflom,,justinflom,Justin Flom,27900000.0,United States,5300000.0,198300.0,177.0
goldmineshindi,,goldmineshindi,Goldmines Movies,27700000.0,India,5200.0,87.0,2.0
postmalone,,postmalone,Post Malone,27700000.0,United States,36200.0,3200.0,134.0
enchufetv,,enchufetv,enchufetv,27700000.0,Ecuador,98900.0,6900.0,70.0
chapitosiki,,chapitosiki,Chapitosiki,27600000.0,Russia,133200.0,2800.0,6.0
peppapigespanollatinooficial,,peppapigespanollatinooficial,Peppa Pig Español Latino - Canal Oficial,27600000.0,Unknown,376300.0,1700.0,0.0
kritikachannel1227,,kritikachannel1227,Kritika Channel,27600000.0,India,986800.0,15700.0,12.0
vladandnikispain,,vladandnikispain,Vlad and Niki ESP,27600000.0,Unknown,251300.0,830.0,0.0
dianaromaen,,dianaromaen,Diana and Roma EN,27500000.0,Unknown,108400.0,157.0,0.0
beyonce,,beyonce,Beyoncé,27500000.0,Unknown,345900.0,28700.0,4800.0
mariano_razo,,mariano_razo,Mariano Razo,27500000.0,Mexico,5000000.0,241900.0,887.0
chrisbrowntv,,chrisbrowntv,Chris Brown,27500000.0,United States,36700.0,5300.0,157.0
ajakitchen,,ajakitchen,Aja Kitchen,27500000.0,India,182400.0,4300.0,15.0
anuelaa,,anuelaa,Anuel AA,27500000.0,Colombia,23700.0,5100.0,179.0
nickiminaj,,nickiminaj,Nicki Minaj,27300000.0,United States,263900.0,25600.0,2300.0
royaltyfam,,royaltyfam,The Royalty Family,27300000.0,United States,11500000.0,123800.0,25000.0
jaanvipatel,,jaanvipatel,jaanvi patel,27300000.0,India,2200000.0,80400.0,53.0
livcrime,,livcrime,LIV Crime,27200000.0,India,12600.0,147.0,7.0
worldstarhiphop,,worldstarhiphop,WORLDSTARHIPHOP,27100000.0,United States,24100.0,644.0,89.0
danrhodes,,danrhodes,Dan Rhodes,27100000.0,United States,15300.0,761.0,16.0
smol_official,,smol_official,SMOL,27100000.0,India,66600.0,1500.0,2.0
coldplay,,coldplay,Coldplay,27100000.0,Unknown,74300.0,7300.0,186.0
likenastyaae,,likenastyaae,Like Nastya AE,27100000.0,Unknown,164100.0,645.0,0.0
davidguetta,,davidguetta,David Guetta,27100000.0,Brazil,41400.0,2600.0,104.0
soysuco24,,soysuco24,Soy Suco,27100000.0,Peru,612200.0,48400.0,1700.0
taarakmehtakaooltahchashmah,,taarakmehtakaooltahchashmah,Taarak Mehta Ka Ooltah Chashmah,27000000.0,India,75600.0,2600.0,19.0
rug,,rug,FaZe Rug,26900000.0,United States,2700000.0,61800.0,6100.0
pawansahu777,,pawansahu777,Pawan Sahu,26800000.0,India,365700.0,29300.0,633.0
filaretiki,,filaretiki,Filaretiki,26800000.0,India,164700.0,4600.0,15.0
trans7official,,trans7official,TRANS7 OFFICIAL,26700000.0,Indonesia,2200.0,50.0,2.0
smosh,,smosh,Smosh,26700000.0,United States,240300.0,20100.0,173.0
beastphilanthropy,,beastphilanthropy,Beast Philanthropy,26700000.0,United States,454700.0,18500.0,486.0
mariliamendoncareal,,mariliamendoncareal,Marília Mendonça,26700000.0,Brazil,10500.0,1500.0,43.0
valentinapontesofc,,valentinapontesofc,Tina Pontes,26700000.0,Brazil,13400.0,306.0,0.0
lospolinesios,,lospolinesios,LosPolinesios,26700000.0,Mexico,583800.0,59000.0,928.0
villagecookingchannel,,villagecookingchannel,Village Cooking Channel,26700000.0,India,5600000.0,146400.0,4800.0
mayaandmary,,mayaandmary,Maya and Mary,26600000.0,Unknown,25800.0,0.0,0.0
toyorbabytv,,toyorbabytv,toyorbabytv,26500000.0,Unknown,76500.0,0.0,0.0
jordanmatter,,jordanmatter,Jordan Matter,26500000.0,United States,7400000.0,99400.0,11500.0
babybuses,,babybuses,BabyBus - Canciones Infantiles & Videos para Niños,26400000.0,Unknown,219400.0,736.0,0.0
1milliondancestudioofficial,,1milliondancestudioofficial,1MILLION Dance Studio,26400000.0,India,16000.0,711.0,11.0
ransentertainment,,ransentertainment,Rans Entertainment,26400000.0,Indonesia,230600.0,7200.0,218.0
venus_movies,,venus_movies,Venus Movies,26400000.0,India,9200.0,89.0,3.0
disneyjrla,,disneyjrla,Disney Jr. Latinoamérica,26400000.0,Unknown,57100.0,297.0,0.0
ilyaborzov,,ilyaborzov,ILYA BORZOV,26300000.0,India,313100.0,9200.0,31.0
korayzeynep,,korayzeynep,Koray Zeynep,26200000.0,Turkey,237400.0,0.0,10.0
narendramodi,,narendramodi,Narendra Modi,26200000.0,India,13700.0,1000.0,87.0
netdmuzik,,netdmuzik,netd müzik,26200000.0,Turkey,6600.0,163.0,36.0
likenastya_prt,,likenastya_prt,Like Nastya PRT,26200000.0,Unknown,91100.0,570.0,0.0
dhruvrathee,,dhruvrathee,Dhruv Rathee,26200000.0,India,9800000.0,622300.0,48500.0
eminemvevo,,eminemvevo,EminemVEVO,26100000.0,United States,2000000.0,151200.0,7900.0
anyakovaofficial,,anyakovaofficial,ANYA KOVA,26100000.0,India,141200.0,2300.0,2.0
vladandnikiarab2,,vladandnikiarab2,Vlad and Niki Arabic,26000000.0,Unknown,293600.0,1200.0,0.0
bebefinn,,bebefinn,Bebefinn - Nursery Rhymes & Kids Songs,26000000.0,Unknown,1500000.0,4400.0,0.0
sonyaath,,sonyaath,Sony AATH,26000000.0,Bangladesh,198100.0,2300.0,149.0
yellowdressgirlll,,yellowdressgirlll,Yellow Dress Girl,26000000.0,United States,675400.0,46200.0,1000.0
vanossgaming,,vanossgaming,VanossGaming,26000000.0,United States,814800.0,32900.0,683.0
bigchungusyt,,bigchungusyt,BigChungus,25900000.0,Argentina,141200.0,12700.0,140.0
goldminescineplex,,goldminescineplex,Goldmines Cineplex,25800000.0,India,4800.0,73.0,2.0
susymouriz,,susymouriz,Susy Mouriz,25800000.0,Mexico,1900000.0,142600.0,1100.0
tarik_alhalapi,,tarik_alhalapi,طارق الحلبي tarik alhalapi,25800000.0,Turkey,411800.0,8800.0,27.0
youneszarou,,youneszarou,Younes Zarou,25800000.0,India,45800.0,1900.0,31.0
vijaytelevision,,vijaytelevision,Vijay Television,25700000.0,India,30100.0,544.0,8.0
somoynews360,,somoynews360,SOMOY TV,25700000.0,Bangladesh,4200.0,103.0,3.0
seungbini67,,seungbini67,seungbini shorts,25600000.0,United States,2100000.0,45400.0,208.0
chloeting,,chloeting,Chloe Ting,25600000.0,United States,147400.0,5300.0,100.0
watchmojo,,watchmojo,WatchMojo.com,25600000.0,United States,32700.000000000004,986.0,152.0
republictvbharat,,republictvbharat,Republic Bharat,25600000.0,India,4300.0,67.0,3.0
zappytoons,,zappytoons,ZappyToons - Hindi Nursery Rhymes and Stories,25500000.0,Unknown,277800.0,2700.0,0.0
pokemonkidstv,,pokemonkidstv,Pokémon Kids TV,25500000.0,Unknown,26600.0,0.0,0.0
ted,,ted,TED,25400000.0,United States,37600.0,904.0,60.0
7clouds,,7clouds,7clouds,25400000.0,United States,64400.00000000001,1100.0,89.0
ladygaga,,ladygaga,Lady Gaga,25400000.0,United States,148900.0,19900.0,468.0
primevideoin,,primevideoin,Prime Video India,25400000.0,India,22600.0,644.0,9.0
wavemusicbhojpuri,,wavemusicbhojpuri,Wave Music Bhojpuri,25300000.0,India,4700.0,66.0,8.0
sierrarhiafam,,sierrarhiafam,Sierra & Rhia FAM,25300000.0,United States,996900.0,23200.0,4.0
nickpro,,nickpro,Nick Pro,25200000.0,United States,717800.0,9100.0,231.0
evabravoplay,,evabravoplay,Eva Bravo Play,25200000.0,Unknown,67300.0,260.0,0.0
tiboinshape,,tiboinshape,Tibo InShape,25200000.0,France,218300.0,15300.0,112.0
misskaty1133,,misskaty1133,Miss Katy,25200000.0,Russia,447500.0,7000.0,729.0
netflixindiaofficial,,netflixindiaofficial,Netflix India,25200000.0,India,73800.0,1700.0,75.0
jakefellman,,jakefellman,Jake Fellman,25200000.0,United States,128300.00000000001,6200.0,43.0
varunbundela,,varunbundela,vlogger varun,25100000.0,India,1200000.0,101800.0,186.0
tappuhoneyparmar0077,,tappuhoneyparmar0077,Tappu Honey Parmar,25100000.0,Unknown,339800.0,12200.0,56.0
enriqueiglesias,,enriqueiglesias,Enrique Iglesias,25000000.0,United States,35200.0,2100.0,247.0
deepesh_zo,,deepesh_zo,deepesh zo,25000000.0,India,612100.0,42400.0,68.0
1thek,,1thek,1theK (원더케이),24800000.0,Indonesia,10700.0,635.0,36.0
mrmaxlife,,mrmaxlife,Mister Max,24800000.0,Russia,347500.0,7500.0,852.0
unboxtherapy,,unboxtherapy,Unbox Therapy,24800000.0,United States,1000000.0,8300.0,72.0
rubentuestaoficial,,rubentuestaoficial,Rubén Tuesta oficial,24800000.0,Argentina,1400000.0,155200.0,572.0
jamunatvbd,,jamunatvbd,Jamuna TV,24800000.0,Bangladesh,19900.0,583.0,34.0
natanporai,,natanporai,Natan por Aí,24800000.0,Brazil,974500.0,16700.0,170.0
saito09,,saito09,Saito,24800000.0,United States,183800.0,3400.0,12.0
gmapublicaffairs,,gmapublicaffairs,GMA Public Affairs,24800000.0,Philippines,1200.0,20.0,0.0
elcanaldeplimplim,,elcanaldeplimplim,El Payaso Plim Plim,24700000.0,Unknown,459300.0,0.0,0.0
gmmgrammy,,gmmgrammy,GMM GRAMMY OFFICIAL,24600000.0,Thailand,2200.0,53.0,2.0
sesamestreet,,sesamestreet,Sesame Street,24600000.0,Unknown,301900.0,778.0,0.0
babybusid,,babybusid,BabyBus - Cerita & Lagu Anak-anak,24600000.0,Unknown,534700.0,1300.0,0.0
rkddigital,,rkddigital,RKD Studios,24600000.0,India,58500.0,1200.0,26.0
wowkidzaction,,wowkidzaction,Wow Kidz Action,24600000.0,Unknown,21000.0,112.0,0.0
chustertv,,chustertv,Chuster,24600000.0,Spain,766700.0,22800.0,38.0
rotanamusic,,rotanamusic,Rotana,24600000.0,Saudi Arabia,93300.0,748.0,50.0
djsnake,,djsnake,DJ Snake,24600000.0,India,11600.0,476.0,21.0
amitbhadana,,amitbhadana,Amit Bhadana,24600000.0,India,256399.99999999997,24000.0,375.0
tlnovelasoficial,,tlnovelasoficial,Tlnovelas,24400000.0,Mexico,4700.0,142.0,4.0
ishtarpunjabi,,ishtarpunjabi,Ishtar Punjabi,24400000.0,India,16100.000000000002,395.0,7.0
ssundee,,ssundee,SSundee,24400000.0,United States,1300000.0,39000.0,1600.0
goldminesgreatindiancomedy2048,,goldminesgreatindiancomedy2048,Goldmines Great Indian Comedy,24400000.0,India,4200.0,58.0,2.0
busyfunltd9692,,busyfunltd9692,Busy Fun Ltd,24200000.0,India,1300000.0,4800.0,121.0
rickylimon,,rickylimon,Ricky Limon,24200000.0,Mexico,2400000.0,109100.0,1300.0
jamescharles,,jamescharles,James Charles,24000000.0,United States,338800.0,22600.0,867.0
troomtroom,,troomtroom,Troom Troom,24000000.0,Unknown,30000.0,230.0,11.0
maumcmahon,,maumcmahon,Mau McMahon,23900000.0,Mexico,1200000.0,44100.0,7400.0
sia,,sia,Sia,23900000.0,United States,29300.0,1300.0,80.0
dualipa,,dualipa,Dua Lipa,23900000.0,United States,332600.0,23100.0,526.0
pragativermaashorts,,pragativermaashorts,Pragati Verma Shorts,23900000.0,India,2700000.0,143500.0,1300.0
natgeo,,natgeo,National Geographic,23800000.0,United States,23400.0,558.0,25.0
ninja,,ninja,Ninja,23800000.0,United States,161300.0,6500.0,252.0
lucanpevidor,,lucanpevidor,Lucan Pevidor,23800000.0,Brazil,403100.0,10400.0,59.0
technicalguruji,,technicalguruji,Technical Guruji,23800000.0,India,81200.0,4100.0,305.0
kiddiestvhindi,,kiddiestvhindi,Kiddiestv Hindi - Nursery Rhymes & Kids Songs,23700000.0,Unknown,32700.000000000004,725.0,0.0
degoboom,,degoboom,DeGoBooM,23600000.0,Mexico,280400.0,5500.0,401.0
loganpaulvlogs,,loganpaulvlogs,Logan Paul,23600000.0,United States,429100.0,28900.0,823.0
drossrotzank,,drossrotzank,DrossRotzank,23600000.0,Mexico,1400000.0,93200.0,5300.0
pandashorts,,pandashorts,Panda Shorts,23600000.0,India,177700.0,9600.0,51.0
corbuzier,,corbuzier,Deddy Corbuzier,23600000.0,Indonesia,2400000.0,37700.0,4900.0
jelly,,jelly,Jelly,23600000.0,United States,89800.0,4000.0,245.0
dharmann,,dharmann,Dhar Mann Studios,23600000.0,United States,1500000.0,32299.999999999996,1500.0
infinite,,infinite,Infinite,23600000.0,United States,655300.0,25600.0,1500.0
mengmengyuwutong,,mengmengyuwutong,Mengmeng and Wutong,23500000.0,Bangladesh,397400.0,8200.0,9.0
ravisagar88,,ravisagar88,Ravi sagar88,23400000.0,India,135100.0,5000.0,69.0
nomanofficial786,,nomanofficial786,Noman Official,23400000.0,India,783500.0,67100.0,407.0
gh.s,,gh.s,GH'S,23400000.0,United States,220800.0,15300.0,477.0
lagranjadelborrego,,lagranjadelborrego,La Granja del Borrego,23400000.0,Colombia,3800000.0,348700.0,2200.0
gh.s,,gh.s,GH'S,23400000.0,United States,243300.0,16500.0,511.0
news24thinkfirst,,news24thinkfirst,News 24,23400000.0,India,3800.0,61.0,3.0
kurzgesagt,,kurzgesagt,Kurzgesagt – In a Nutshell,23400000.0,United States,5800000.0,287700.0,12500.0
albert_cancook,,albert_cancook,albert_cancook,23300000.0,United States,4300000.0,278200.0,988.0
whatsidea,,whatsidea,What's Idea,23200000.0,India,94600.0,1900.0,3.0
officialajaysharma07,,officialajaysharma07,Ajay Sharma,23200000.0,India,1100000.0,35900.0,41.0
yudistardhana,,yudistardhana,Yudist Ardhana,23200000.0,Indonesia,150300.0,4300.0,73.0
mmoshaya,,mmoshaya,mmoshaya,23200000.0,Saudi Arabia,399200.0,4500.0,263.0
vsauce,,vsauce,Vsauce,23200000.0,United States,4300000.0,382900.0,3000.0
-genevievesplayhouse1465,,-genevievesplayhouse1465,हिंदी - Genevieve's Playhouse,23100000.0,Unknown,27100.0,277.0,0.0
triggeredinsaan,,triggeredinsaan,Triggered Insaan,23000000.0,India,8000000.0,414200.0,15000.0
miawaug,,miawaug,MiawAug,23000000.0,Indonesia,417500.0,15600.0,859.0
kajalsoni,,kajalsoni,Kajal Soni,23000000.0,India,1100000.0,51400.0,253.0
howridiculous,,howridiculous,How Ridiculous,23000000.0,United States,761500.0,28400.0,1500.0
boxtoxtv,,boxtoxtv,boxtoxtv,23000000.0,India,368800.0,10100.0,31.0
misskarishafacts,,misskarishafacts,Miss Karisha,23000000.0,India,278300.0,0.0,6.0
andtvchannel,,andtvchannel,And TV,23000000.0,India,3100.0,75.0,1.0
msa.official,,msa.official,MSA previously My Story Animated,22900000.0,United States,5300000.0,90100.0,3600.0
thexoteam,,thexoteam,XO TEAM,22800000.0,United States,31900.0,1500.0,13.0
thechainsmokers,,thechainsmokers,The Chainsmokers,22800000.0,United States,30600.0,971.0,34.0
linkinpark,,linkinpark,Linkin Park,22800000.0,United States,129400.0,9000.0,229.0
lyricalemonade,,lyricalemonade,Lyrical Lemonade,22800000.0,Unknown,2000000.0,124000.0,4600.0
anandcreation3,,anandcreation3,Anand Creation,22800000.0,India,19200.0,0.0,6.0
ninjakidz,,ninjakidz,Ninja Kidz TV,22600000.0,United States,132400.0,3100.0,76.0
officialsrg96,,officialsrg96,OFFICIAL SRG,22600000.0,India,128100.0,0.0,3.0
glentyoutube,,glentyoutube,ГЛЕНТ,22600000.0,Russia,843500.0,45700.0,692.0
lazarbeam,,lazarbeam,LazarBeam,22600000.0,United States,6600000.0,294800.0,3300.0
6ix9ine,,6ix9ine,Tekashi 6ix9ine,22600000.0,United States,31900.0,4500.0,1100.0
lol-brainrot,,lol-brainrot,LOL,22500000.0,Russia,56200.0,943.0,23.0
nba,,nba,NBA,22400000.0,United States,57000.0,1800.0,82.0
arabgamesnetwork,,arabgamesnetwork,شبكة العاب العرب | Arab Games Network,22400000.0,Algeria,409300.0,24700.0,1000.0
aphmau,,aphmau,Aphmau,22400000.0,United States,1200000.0,23500.0,1800.0
fifa,,fifa,FIFA,22400000.0,United States,43400.0,1800.0,59.0
jesser,,jesser,Jesser,22400000.0,United States,1100000.0,57500.0,236.0
tv9bharatvarsh,,tv9bharatvarsh,TV9 Bharatvarsh,22400000.0,India,2700.0,48.0,0.0
jomyproductionshorts,,jomyproductionshorts,Jomy Production,22300000.0,India,581300.0,11900.0,27.0
fatosdesconhecidos,,fatosdesconhecidos,Fatos Desconhecidos,22200000.0,Unknown,59500.0,0.0,240.0
jasonvlogslife,,jasonvlogslife,Jason Vlogs,22200000.0,Unknown,193100.0,456.0,0.0
beckyg,,beckyg,Becky G,22200000.0,United States,31100.0,1400.0,55.0
blippi,,blippi,Blippi - Educational Videos for Kids,22100000.0,Unknown,490000.0,6300.0,0.0
smilefamily363,,smilefamily363,Smile Family,22100000.0,Unknown,3000.0,22.0,0.0
lescopaque,,lescopaque,Les' Copaque Production,22000000.0,Indonesia,105700.0,1300.0,17.0
mashaurso,,mashaurso,Masha e o Urso,22000000.0,Unknown,137000.0,1800.0,0.0
sidemen,,sidemen,Sidemen,21800000.0,United Kingdom,5500000.0,185000.0,4000.0
linhnhishorts,,linhnhishorts,Linh Nhi Shorts,21800000.0,United States,184800.0,3500.0,2.0
belitskay,,belitskay,Diana Belitskay,21800000.0,United States,256200.0,11900.0,84.0
etvteluguindia,,etvteluguindia,etvteluguindia,21800000.0,India,16300.0,275.0,1.0
moosatvinfo,,moosatvinfo,Moosa Tv Info,21800000.0,India,164100.0,2700.0,24.0
peetmontzingo,,peetmontzingo,Peet Montzingo,21800000.0,United States,1400000.0,0.0,797.0
factfireking,,factfireking,FACT FIRE KING,21700000.0,India,1300000.0,22500.0,13.0
golu008,,golu008,GOLU008,21700000.0,India,1200000.0,57200.0,265.0
likenastya_vlog,,likenastya_vlog,Like Nastya Vlog,21600000.0,Unknown,123100.0,478.0,0.0
bravewilderness,,bravewilderness,Brave Wilderness,21600000.0,United States,249100.0,6200.0,665.0
salmannomanofficial,,salmannomanofficial,Salman Noman,21600000.0,India,217100.0,17600.0,57.0
dlsnews,,dlsnews,DLS News,21600000.0,India,47400.0,2200.0,142.0
robinhoodgamer1,,robinhoodgamer1,Robin Hood Gamer,21600000.0,Brazil,306300.0,9200.0,357.0
josétotoyportuguês,,josétotoyportuguês,José Totoy - Português,21600000.0,Unknown,50900.0,885.0,0.0
nickdigiovanni,,nickdigiovanni,Nick DiGiovanni,21600000.0,United States,3500000.0,214000.0,3100.0
chikulifevlogs,,chikulifevlogs,Chiku life vlogs,21600000.0,India,1600000.0,25800.0,34.0
greengoldtv,,greengoldtv,Green Gold TV - Official Channel,21400000.0,Unknown,40900.0,738.0,0.0
buzzfeedtasty,,buzzfeedtasty,Tasty,21400000.0,United States,32200.000000000004,1200.0,13.0
vijaykumarvinervlogs,,vijaykumarvinervlogs,Vijay Kumar Viner Vlogs,21400000.0,India,71600.0,1900.0,4.0
emiwaybantai,,emiwaybantai,Emiway Bantai,21400000.0,India,4400000.0,359500.0,28000.0
mnet,,mnet,Mnet K-POP,21400000.0,United States,4800.0,471.0,22.0
noorstars,,noorstars,Noor Stars,21400000.0,Unknown,1500000.0,80400.0,2800.0
sctv_,,sctv_,SCTV,21400000.0,Indonesia,9900.0,172.0,12.0
sonyliv,,sonyliv,Sony LIV,21400000.0,India,45700.0,306.0,4.0
cookieswirlc,,cookieswirlc,CookieSwirlC,21400000.0,United States,68600.0,1500.0,578.0
slick_slime_sam_spanish,,slick_slime_sam_spanish,SUPER SLICK SLIME SAM,21400000.0,Mexico,42000.0,767.0,0.0
vilmei,,vilmei,Vilmei,21400000.0,Indonesia,106500.0,0.0,95.0
cute.shivani.05,,cute.shivani.05,Cute.Shivani.05,21300000.0,India,341800.0,42700.0,352.0
mrvivekbindra,,mrvivekbindra,Dr. Vivek Bindra: Motivational Speaker,21200000.0,India,16000.0,1100.0,12.0
infobellsbengalirhymes,,infobellsbengalirhymes,Infobells Bangla,21200000.0,Unknown,134300.0,1600.0,0.0
avicii,,avicii,Avicii,21200000.0,United States,24200.0,2500.0,77.0
gottalentglobal,,gottalentglobal,Got Talent Global,21200000.0,United States,42200.0,457.0,17.0
smilefamilyspanish1463,,smilefamilyspanish1463,Smile Family Spanish,21200000.0,Unknown,14400.0,63.0,0.0
littleangel_español,,littleangel_español,Little Angel Español - Canciones Infantiles,21200000.0,Unknown,135800.0,364.0,0.0
disneyjr,,disneyjr,Disney Jr.,21100000.0,Unknown,71700.0,258.0,0.0
clashofclans,,clashofclans,Clash of Clans,21100000.0,United States,305500.0,11400.0,532.0
gusttavolimaoficial,,gusttavolimaoficial,Gusttavo Lima Oficial,21000000.0,Brazil,20900.0,2600.0,96.0
devkefacts,,devkefacts,DEV Ke Facts,21000000.0,India,106100.0,2700.0,7.0
gordonramsay,,gordonramsay,Gordon Ramsay,21000000.0,United States,69200.0,1400.0,116.0
itsbrothersvlog,,itsbrothersvlog,BROTHERS VLOG,21000000.0,India,307400.0,0.0,9.0
canalcanalha,,canalcanalha,Canal Canalha,21000000.0,Brazil,726700.0,88800.0,862.0
marvel,,marvel,Marvel Entertainment,21000000.0,United States,67300.0,6900.0,129.0
matheuskriwat,,matheuskriwat,Matheus Kriwat,21000000.0,Brazil,54600.0,2300.0,91.0
jakepaul,,jakepaul,Jake Paul,21000000.0,United States,195400.0,6500.0,254.0
slivkishow,,slivkishow,SlivkiShow,21000000.0,Russia,1500000.0,56900.0,2600.0
klara_tania,,klara_tania,Klara Tania,21000000.0,Indonesia,614300.0,27600.0,113.0
supercarblondie,,supercarblondie,Supercar Blondie,21000000.0,United States,372800.0,14300.0,237.0
shemaroobollywoodcomedy,,shemaroobollywoodcomedy,Shemaroo Comedy,20900000.0,India,10300.0,92.0,3.0
scottsreality,,scottsreality,scottsreality,20800000.0,United States,193000.0,3500.0,26.0
sonymusicsouthvevo,,sonymusicsouthvevo,SonyMusicSouthVEVO,20800000.0,Unknown,7100.0,86.0,4.0
brawlstars,,brawlstars,Brawl Stars,20800000.0,United States,8100000.0,195600.0,8600.0
emillyvickof,,emillyvickof,Emilly Vick,20800000.0,Brazil,3300000.0,59000.0,3500.0
funforkidstvhindirhymes,,funforkidstvhindirhymes,Fun For Kids TV - Hindi Rhymes,20800000.0,Unknown,47100.0,720.0,0.0
tayobahasaindonesia,,tayobahasaindonesia,Tayo Bus Kecil - Tayo Bahasa Indonesia,20800000.0,Unknown,261300.0,6200.0,0.0
larosadeguadalupeof,,larosadeguadalupeof,La Rosa de Guadalupe,20800000.0,Mexico,22900.0,760.0,15.0
likenastya_vnm,,likenastya_vnm,Like Nastya VNM,20700000.0,Unknown,218900.0,0.0,0.0
asgamingsahil,,asgamingsahil,AS Gaming,20600000.0,India,210900.0,10200.0,379.0
teded,,teded,TED-Ed,20600000.0,United States,297000.0,12200.0,518.0
bgt,,bgt,Britain's Got Talent,20600000.0,United Kingdom,23900.0,494.0,12.0
cnliziqi,,cnliziqi,李子柒 Liziqi,20600000.0,United States,10200000.0,598900.0,56000.0
fabiosabestlifehacks,,fabiosabestlifehacks,Fabiosa Best Lifehacks,20600000.0,United States,116500.0,2500.0,15.0
tabii.urdu,,tabii.urdu,tabii Urdu,20600000.0,Pakistan,25900.0,579.0,15.0
painzeiro,,painzeiro,Painzeiro,20600000.0,Brazil,87800.0,2100.0,85.0
turmadamonica,,turmadamonica,Turma da Mônica,20600000.0,Unknown,76800.0,3100.0,0.0
hasantarhan,,hasantarhan,Hasan Tarhan,20500000.0,India,207400.0,3300.0,3.0
troomtroom_es,,troomtroom_es,Troom Troom Es,20500000.0,Mexico,21600.0,404.0,12.0
likenastya_idn,,likenastya_idn,Like Nastya IDN,20500000.0,Unknown,167000.0,0.0,0.0
chetanmongavlogs,,chetanmongavlogs,Cheri's World,20400000.0,India,1800000.0,81200.0,172.0
goamigo,,goamigo,Go Ami Go!,20400000.0,Colombia,96500.0,5600.0,83.0
5minutecraftsdiy,,5minutecraftsdiy,5-Minute Crafts DIY,20400000.0,India,4800.0,59.0,2.0
matt.larose,,matt.larose,Matt Larose,20400000.0,United States,29900000.0,1300000.0,2800.0
redbull,,redbull,Red Bull,20400000.0,United States,804300.0,46100.0,271.0
katakit_baby,,katakit_baby,Katakit Baby TV,20400000.0,Unknown,61600.0,331.0,4.0
ptxofficial,,ptxofficial,Pentatonix,20400000.0,United States,53600.0,3800.0,78.0
amarintvhd,,amarintvhd,AMARINTV : อมรินทร์ทีวี,20400000.0,Thailand,7200.0,120.0,6.0
grammygoldofficial,,grammygoldofficial,Grammy Gold Official,20400000.0,Thailand,4300.0,154.0,4.0
devkeexperiment,,devkeexperiment,DEV Ke Experiment,20200000.0,India,186200.0,4500.0,12.0
theodd1sout,,theodd1sout,TheOdd1sOut,20200000.0,United States,4300000.0,244400.0,1300.0
sonotek,,sonotek,Sonotek,20200000.0,India,59500.0,1600.0,60.0
lizabaez,,lizabaez,Liza Baez,20200000.0,Mexico,1100000.0,121600.0,1400.0
thepoznavatel,,thepoznavatel,Познаватель,20200000.0,Russia,1400000.0,18800.0,1500.0
react,,react,REACT,20200000.0,United States,191300.0,6600.0,496.0
mrwhosetheboss,,mrwhosetheboss,Mrwhosetheboss,20200000.0,United States,3500000.0,162900.0,6800.0
authenticgames,,authenticgames,AuthenticGames,20200000.0,Brazil,28300.0,3000.0,84.0
lukedidthat,,lukedidthat,LukeDidThat,20200000.0,United States,1300000.0,42000.0,764.0
5minutecraftsplay,,5minutecraftsplay,5-Minute Crafts PLAY,20200000.0,India,7600.0,85.0,3.0
guige,,guige,GuiGe,20100000.0,India,35800.0,1100.0,2.0
heidizidane9861,,heidizidane9861,Heidi & Zidane बच्चों की कहानियाँ,20000000.0,Unknown,37400.0,82.0,0.0
bollywoodclassics,,bollywoodclassics,Bollywood Classics,20000000.0,India,15800.0,111.0,5.0
a2motivation,,a2motivation,A2 Motivation by Arvind Arora,20000000.0,India,301700.0,36300.0,210.0
johnyfamilyshow,,johnyfamilyshow,Johny FamilyShow,20000000.0,Unknown,65900.0,72.0,0.0
vevo,,vevo,Vevo,20000000.0,United States,2500.0,93.0,2.0
nmfnews,,nmfnews,NMF News,20000000.0,India,5900.0,151.0,11.0
kbsworldtv,,kbsworldtv,KBS WORLD TV,20000000.0,Unknown,4500.0,286.0,6.0
desimelodies,,desimelodies,DM - Desi Melodies,20000000.0,India,7400.0,334.0,5.0
buzzfeedvideo,,buzzfeedvideo,BuzzFeedVideo,20000000.0,United States,4600.0,109.0,3.0
colorsrishtey1,,colorsrishtey1,Colors Rishtey,20000000.0,India,718.0,10.0,0.0
jimmykimmellive,,jimmykimmellive,Jimmy Kimmel Live,20000000.0,United States,145600.0,3600.0,323.0
morealia,,morealia,MoreAliA,19800000.0,United States,271300.0,3900.0,203.0
twinsfromrussiarevega,,twinsfromrussiarevega,웃웃TwinsFromRussia,19800000.0,United States,22300.0,436.0,5.0
apple,,apple,Apple,19800000.0,Unknown,475300.0,15400.0,0.0
zbingz,,zbingz,zbing z.,19800000.0,Thailand,326200.0,7800.0,617.0
amauryguichonchef,,amauryguichonchef,Amaury Guichon,19800000.0,United States,305300.0,21400.0,437.0
crazygreapa,,crazygreapa,CRAZY GREAPA,19800000.0,India,676900.0,19300.0,64.0
farruko,,farruko,Farruko,19800000.0,United States,527000.0,20900.0,759.0
dentaldigest,,dentaldigest,Dental Digest,19800000.0,United States,421100.0,10000.0,151.0
hamaarbhojpuri,,hamaarbhojpuri,T-Series Hamaar Bhojpuri,19800000.0,India,30400.0,728.0,23.0
netflixjr,,netflixjr,Netflix Jr.,19700000.0,Unknown,109800.0,273.0,0.0
huba3,,huba3,HUBA후바,19600000.0,United States,177600.0,2500.0,56.0
haertetest,,haertetest,HaerteTest,19600000.0,India,24300.0,83.0,7.0
sribalajimovies,,sribalajimovies,SriBalajiMovies,19600000.0,India,4200.0,82.0,0.0
mkbhd,,mkbhd,Marques Brownlee,19600000.0,United States,2400000.0,82700.0,5600.0
hibestman,,hibestman,HiMan,19600000.0,Russia,94400.0,3800.0,354.0
dailydoseofinternet,,dailydoseofinternet,Daily Dose Of Internet,19600000.0,United States,2100000.0,134500.0,1800.0
rsiammusic,,rsiammusic,RsiamMusic : อาร์สยาม,19600000.0,Thailand,2400.0,85.0,2.0
gametheory,,gametheory,The Game Theorists,19400000.0,United States,936800.0,54500.0,2300.0
diosdadojuarez,,diosdadojuarez,Diosdado Juarez,19400000.0,Mexico,2400000.0,134200.0,262.0
lyna,,lyna,Lyna,19400000.0,Argentina,328200.0,7200.0,707.0
tanboykun,,tanboykun,tanboy kun,19400000.0,Indonesia,1500000.0,28400.0,1800.0
gatogalactico,,gatogalactico,Gato Galactico,19400000.0,Brazil,443100.0,2100.0,0.0
missasinfonia,,missasinfonia,MissaSinfonia,19400000.0,Mexico,6000000.0,501100.0,17000.0
lilnasx,,lilnasx,Lil Nas X,19400000.0,United States,131000.0,4500.0,100.0
ufc,,ufc,UFC,19400000.0,United States,84000.0,2300.0,139.0
mazhavilmanorama,,mazhavilmanorama,Mazhavil Manorama,19400000.0,India,7900.0,122.0,1.0
enterr10rangeela,,enterr10rangeela,Enterr10 Rangeela,19400000.0,India,43900.0,704.0,3.0
fcbarcelona,,fcbarcelona,FC Barcelona,19400000.0,United States,187400.0,14000.0,181.0
craftypanda,,craftypanda,Crafty Panda,19400000.0,India,6100.0,54.0,3.0
ht2905,,ht2905,H&T Official,19300000.0,India,1800000.0,98600.0,208.0
luismendez1405,,luismendez1405,Luis Méndez,19300000.0,Mexico,79300.0,9500.0,109.0
bbchindi,,bbchindi,BBC News Hindi,19300000.0,India,72800.0,0.0,133.0
zutigang,,zutigang,ZutiGang,19300000.0,United States,41000.0,1800.0,10.0
starbharat,,starbharat,STAR भारत,19300000.0,India,1300.0,15.0,1.0
mrmarmok,,mrmarmok,Marmok,19200000.0,Russia,1300000.0,107400.0,5500.0
alia,,alia,Ali-A,19200000.0,United States,333400.0,8300.0,223.0
iam_nandinirajput,,iam_nandinirajput,iam_nandinirajput,19200000.0,India,151700.0,11400.0,152.0
squeezie,,squeezie,SQUEEZIE,19200000.0,France,675400.0,55200.0,89.0
elreinoajugar,,elreinoajugar,El Reino a Jugar,19200000.0,Unknown,81800.0,415.0,0.0
shakiravevo,,shakiravevo,shakiraVEVO,19200000.0,Brazil,653200.0,18400.0,1200.0
bonbonmedia9360,,bonbonmedia9360,Bon Bon Media,19200000.0,Unknown,71600.0,1500.0,3.0
lego,,lego,LEGO,19200000.0,United States,22200.0,616.0,0.0
vladynikishow,,vladynikishow,Vlad y Niki Show,19100000.0,Unknown,99900.0,190.0,0.0
zuniandfamilyofficial,,zuniandfamilyofficial,Zuni and Family,19100000.0,Unknown,160500.0,167.0,0.0
oneindiahindi,,oneindiahindi,Oneindia Hindi | वनइंडिया हिंदी,19100000.0,India,2500.0,28.0,1.0
aljazeera,,aljazeera,AlJazeera Arabic قناة الجزيرة,19000000.0,Morocco,6700.0,268.0,17.0
manualdomundo,,manualdomundo,Manual do Mundo,19000000.0,Brazil,448000.0,41500.0,449.0
argenby,,argenby,ARGEN,19000000.0,Russia,2400000.0,176100.0,2500.0
goodmythicalmorning,,goodmythicalmorning,Good Mythical Morning,19000000.0,United States,701200.0,24900.0,860.0
popchartbusters,,popchartbusters,Pop Chartbusters,19000000.0,India,25400.0,2700.0,240.0
dearsir,,dearsir,Dear Sir,19000000.0,India,67100.0,4000.0,314.0
itsdrryan,,itsdrryan,Dr Ryan,19000000.0,United States,230500.0,7200.0,158.0
sagarkalrashorts,,sagarkalrashorts,sagar kalra (Shorts),19000000.0,India,309100.0,7500.0,10.0
hikakintv,,hikakintv,HikakinTV,19000000.0,Japan,1600000.0,31500.0,1700.0
vladandnikiarab,,vladandnikiarab,Vlad and Niki ARA,18900000.0,Unknown,81600.0,314.0,0.0
thegrefg,,thegrefg,TheGrefg,18800000.0,Spain,942500.0,42600.0,674.0
thairathtv,,thairathtv,THAIRATH TV Originals,18800000.0,Thailand,6500.0,106.0,6.0
danielsaboya,,danielsaboya,Dan-Sa / Daniel Saboya,18800000.0,Brazil,8000.0,327.0,5.0
shane,,shane,shane,18800000.0,United States,1900000.0,81400.0,10000.0
genhalilintar,,genhalilintar,GEN HALILINTAR,18800000.0,Indonesia,95000.0,3600.0,158.0
pdkfilms,,pdkfilms,PDK Films,18800000.0,United States,241600.0,3200.0,270.0
robleisiutu,,robleisiutu,RobleisIUTU,18800000.0,Argentina,560100.0,40500.0,1100.0
vice,,vice,VICE,18800000.0,United States,56100.0,1300.0,313.0
julianabaltar,,julianabaltar,Juliana Baltar,18800000.0,Brazil,133700.0,5500.0,58.0
thinkmusicofficial,,thinkmusicofficial,Think Music India,18800000.0,India,153800.0,2000.0,49.0
thevishalbhatt,,thevishalbhatt,The Vishal bhatt,18700000.0,India,70000.0,4000.0,19.0
tiyaa_ningwal_offical,,tiyaa_ningwal_offical,tiyaa_ningwal_official,18700000.0,India,797700.0,36000.0,65.0
ign,,ign,IGN,18600000.0,United States,26700.0,622.0,90.0
joerogan,,joerogan,PowerfulJRE,18600000.0,United States,1700000.0,36500.0,9300.0
elikids,,elikids,Eli Kids - Cartoons & Songs,18600000.0,Unknown,119600.0,2700.0,0.0
anninha,,anninha,Anninha,18600000.0,Brazil,53200.0,2000.0,20.0
suhaofun,,suhaofun,Su Hao,18600000.0,United States,266500.0,5000.0,4.0
adamw,,adamw,Adam W,18600000.0,United States,1300000.0,87400.0,542.0
spider_vambi,,spider_vambi,Spider-VAMBI,18600000.0,Unknown,163300.0,3300.0,12.0
aayuandpihushow,,aayuandpihushow,Aayu and Pihu Show,18600000.0,India,2600000.0,41500.0,4800.0
studyiqeducationltd,,studyiqeducationltd,StudyIQ IAS,18600000.0,India,14500.0,621.0,19.0
straykids,,straykids,Stray Kids,18600000.0,United States,1100000.0,177200.0,4200.0
pognalishow,,pognalishow,Дима Масленников,18600000.0,Russia,3100000.0,163800.0,8000.0
sebastianyatra,,sebastianyatra,Sebastián Yatra,18600000.0,Colombia,86200.0,3800.0,294.0
sonymusicsouthofficial,,sonymusicsouthofficial,Sony Music South,18600000.0,India,16600.0,605.0,9.0
prashantsharmaentertainment,,prashantsharmaentertainment,Prashant Sharma Entertainment,18600000.0,India,129300.00000000001,4000.0,16.0
sanjoydasofficial,,sanjoydasofficial,Sanjoy Das Official,18500000.0,India,6500000.0,152200.0,137.0
anhcucai,,anhcucai,Anh Củ Cải,18500000.0,United States,102900.0,1800.0,2.0
arifmuhammadd,,arifmuhammadd,Arif muhammad,18400000.0,Indonesia,3500000.0,63200.0,3100.0
yana.chirkina,,yana.chirkina,YANA CHIRKINA,18400000.0,Unknown,300000.0,17200.0,190.0
incrivel_pt,,incrivel_pt,INCRÍVEL,18400000.0,Unknown,12200.0,299.0,6.0
thewillyrex,,thewillyrex,TheWillyrex,18400000.0,Spain,93900.0,9800.0,78.0
ianboggs,,ianboggs,Ian Boggs,18400000.0,United States,201200.0,13800.0,306.0
ndtvindia,,ndtvindia,NDTV India,18400000.0,India,4100.0,40.0,2.0
jazzghost,,jazzghost,Jazzghost,18400000.0,Brazil,1800000.0,94200.0,5800.0
ivanaalawi,,ivanaalawi,Ivana Alawi,18400000.0,Philippines,3400000.0,111300.0,9000.0
portadosfundos,,portadosfundos,Porta dos Fundos,18400000.0,Brazil,117300.0,8700.0,130.0
mashabeararab,,mashabeararab,ماشا و الدب,18300000.0,Unknown,117600.0,1700.0,0.0
benjacalero,,benjacalero,benja calero,18300000.0,Argentina,862500.0,80400.0,546.0
gmmtv,,gmmtv,GMMTV OFFICIAL,18200000.0,Thailand,28100.0,1200.0,36.0
themridul,,themridul,The MriDul,18200000.0,India,270900.0,26100.0,269.0
laharimusicindia,,laharimusicindia,Lahari Music - TSeries,18200000.0,India,6300.0,140.0,6.0
jane_asmr,,jane_asmr,Jane ASMR 제인,18200000.0,Indonesia,87700.0,1500.0,116.0
wanasahtv1,,wanasahtv1,قناة وناسة - Wanasah TV,18200000.0,Unknown,1200000.0,4400.0,0.0
vladandnikirus,,vladandnikirus,Влад и Никита,18200000.0,Unknown,157300.0,574.0,0.0
nando,,nando,NANDO,18200000.0,Colombia,794600.0,33500.0,149.0
thebrianmaps,,thebrianmaps,TheBrianMaps,18200000.0,Russia,3900000.0,203900.0,8600.0
transtvofficial,,transtvofficial,TRANS TV Official,18200000.0,Indonesia,919.5,16.0,1.0
kompastv,,kompastv,KOMPASTV,18200000.0,Indonesia,3200.0,32.0,4.0
josétotoyespanol,,josétotoyespanol,José Totoy - Español,18200000.0,Unknown,39300.0,589.0,0.0
ch7hd,,ch7hd,Ch7HD,18200000.0,Unknown,1400.0,34.0,1.0
banderitax,,banderitax,BanderitaX,18200000.0,Saudi Arabia,812000.0,60900.0,672.0
unspeakable,,unspeakable,Unspeakable,18200000.0,United States,299600.0,10600.0,249.0
superherokidsmmg,,superherokidsmmg,SuperHero Kids,18100000.0,Unknown,209200.0,6700.0,0.0
myfamilycomedy,,myfamilycomedy,MY FAMILY,18100000.0,India,965700.0,3000.0,31.0
sportsnation,,sportsnation,SportsNation,18000000.0,United States,21700.0,0.0,10.0
srkmusic,,srkmusic,SRK MUSIC,18000000.0,India,8200.0,73.0,4.0
the_brown_siblings,,the_brown_siblings,THE BROWN SIBLINGS,18000000.0,India,820200.0,58900.0,167.0
alremas.music1,,alremas.music1,الـريماس - Al-Remas,18000000.0,Iraq,21100.0,619.0,61.0
t3ddy,,t3ddy,T3ddy,18000000.0,Brazil,413500.0,42200.0,1000.0
noelgoescrazy,,noelgoescrazy,Noel Robinson,18000000.0,Unknown,1200000.0,42900.0,582.0
rakibhossainvlogs,,rakibhossainvlogs,Rakib Hossain,18000000.0,Bangladesh,1700000.0,55600.0,920.0
hayataku5348,,hayataku5348,HAYATAKU はやたく,18000000.0,United States,1300000.0,25500.0,30.0
queen,,queen,Queen Official,18000000.0,United States,42100.0,4100.0,108.0
amaraquelinda,,amaraquelinda,Amara Que Linda,18000000.0,Colombia,79200.0,3500.0,67.0
raywilliamjohnson,,raywilliamjohnson,Ray William Johnson,18000000.0,United States,285100.0,14300.0,465.0
abcnews,,abcnews,ABC News,18000000.0,United States,18800.0,238.0,90.0
amitffytcomedy,,amitffytcomedy,AMIT FF YT,18000000.0,India,2600000.0,152700.0,441.0
lulipampin,,lulipampin,Luli Pampín,17900000.0,Unknown,861300.0,2300.0,0.0
marianamiamorch,,marianamiamorch,MARIANA,17900000.0,Mexico,104800.0,6800.0,183.0
zeebangla,,zeebangla,Zee Bangla,17900000.0,India,6300.0,101.0,1.0
anitta,,anitta,Anitta,17800000.0,Brazil,31000.0,2600.0,122.0
tonniartandcraft,,tonniartandcraft,Tonni art and craft,17800000.0,India,277000.0,10800.0,212.0
e_mastersensei,,e_mastersensei,E-MasterSensei,17800000.0,Mexico,235000.0,8900.0,354.0
ryan,,ryan,Ryan Trahan,17800000.0,United States,6400000.0,368800.0,4800.0
bihariladka,,bihariladka,Bihari Ladka,17800000.0,India,1400000.0,87900.0,362.0
marusya_outdoors,,marusya_outdoors,Marusya Outdoors,17800000.0,Russia,62700000.0,926800.0,1700.0
mgcplayhouse,,mgcplayhouse,MGC Playhouse,17800000.0,Unknown,32000.0,54.0,0.0
factbrain96,,factbrain96,Fact Brain 96,17800000.0,India,39400.0,973.0,2.0
jhousejr.,,jhousejr.,J House jr.,17800000.0,Unknown,143600.0,4100.0,0.0
twice,,twice,TWICE,17800000.0,Unknown,35700.0,9900.0,155.0
rctilayardramaindonesia,,rctilayardramaindonesia,RCTI - LAYAR DRAMA INDONESIA,17800000.0,Indonesia,20900.0,336.0,26.0
miwanda,,miwanda,Miwanda_Tanz,17800000.0,Indonesia,271300.0,11800.0,9.0
sevengersofficial,,sevengersofficial,SEVENGERS,17700000.0,India,1000000.0,94800.0,236.0
behindwoodstv,,behindwoodstv,Behindwoods TV,17700000.0,Unknown,5700.0,183.0,1.0
cznburak,,cznburak,Czn Burak,17700000.0,Turkey,96400.0,5000.0,139.0
withkids2063,,withkids2063,With Kids[위드키즈],17700000.0,Unknown,10600.0,0.0,0.0
lilpumpeskii,,lilpumpeskii,Lil Pump,17700000.0,United States,239200.0,11700.0,2400.0
adaahqueen,,adaahqueen,Adaah Queen,17700000.0,India,88800.0,7600.0,45.0
facttechz,,facttechz,FactTechz,17600000.0,India,281900.0,16000.0,1200.0
kashviadlakha,,kashviadlakha,Kashvi Adlakha,17600000.0,India,368700.0,0.0,7.0
howtobasic,,howtobasic,HowToBasic,17600000.0,United States,463600.0,20300.0,1700.0
blippiespanol,,blippiespanol,Blippi Español,17600000.0,Unknown,137800.0,546.0,0.0
mkmusic,,mkmusic,MK MUSIC,17600000.0,Unknown,3400.0,370.0,12.0
alextis,,alextis,Alextis,17500000.0,Spain,246600.0,8600.0,35.0
sonyakisa8,,sonyakisa8,Sonyakisa8 TT,17500000.0,United States,2000000.0,74700.0,306.0
prajapatinews,,prajapatinews,Prajapati News,17400000.0,India,9000.0,366.0,24.0
vladandnikiport,,vladandnikiport,Vlad and Niki PRT,17400000.0,Unknown,125400.0,0.0,0.0
winnermax,,winnermax,WinnerMax,17400000.0,Colombia,77600.0,3700.0,122.0
rebeccazamolo,,rebeccazamolo,Rebecca Zamolo,17300000.0,United States,2400000.0,24400.0,2100.0
cnn,,cnn,CNN,17300000.0,United States,105900.0,1300.0,1200.0
albertisment,,albertisment,Albertisment,17300000.0,Spain,465900.0,10400.0,62.0
bobonsantoso,,bobonsantoso,Bobon Santoso,17300000.0,Indonesia,603800.0,14100.0,1000.0
apualone,,apualone,Apu Alone,17300000.0,India,94400.0,1900.0,6.0
zidaanshahidaly,,zidaanshahidaly,Zidaan Shahid Aly,17300000.0,India,697500.0,28100.0,98.0
sofiadelmonstroo,,sofiadelmonstroo,SOFIADELMONSTRO,17300000.0,Unknown,82400.0,3800.0,21.0
juliagisella,,juliagisella,JULIA GISELLA,17300000.0,United States,4000000.0,212400.0,1500.0
pandacanal,,pandacanal,PANDA,17200000.0,Mexico,729200.0,26300.0,183.0
geonews,,geonews,Geo News,17200000.0,Pakistan,3300.0,75.0,2.0
abscbnnews,,abscbnnews,ABS-CBN News,17200000.0,Philippines,3500.0,36.0,3.0
mispastelitos,,mispastelitos,Mis Pastelitos,17100000.0,Mexico,1200000.0,129699.99999999999,467.0
merrickhanna,,merrickhanna,Merrick Hanna,17100000.0,United States,59400.0,2900.0,27.0
kaykaisalaiderchannel,,kaykaisalaiderchannel,Kaykai Salaider,17100000.0,Thailand,319200.0,16600.0,623.0
stubbornfacts,,stubbornfacts,Stubborn Facts,17100000.0,India,46100.0,876.0,36.0
willyrex,,willyrex,Willyrex,17100000.0,Mexico,84700.0,4600.0,40.0
failarmy,,failarmy,FailArmy,17100000.0,United States,30000.0,589.0,6.0
_gogo2728,,_gogo2728,gogo 2728,17100000.0,India,470400.0,44400.0,78.0
kuplinovplay,,kuplinovplay,Kuplinov ► Play,17100000.0,Russia,346400.0,23300.0,514.0
pitbull,,pitbull,Pitbull,17100000.0,United States,5800.0,488.0,29.0
sinotalgaming,,sinotalgaming,Sinotal Gaming,17100000.0,India,251300.0,4500.0,3.0
animalht2721,,animalht2721,Animal HT,17100000.0,United States,158200.0,9600.0,0.0
armankitamanna,,armankitamanna,Arman Ki Tamanna,17100000.0,India,28400.0,612.0,1.0
umansayyedshorts,,umansayyedshorts,Uman sayyed shorts,17100000.0,India,38600.0,1700.0,6.0
jenniferlopez,,jenniferlopez,Jennifer Lopez,17100000.0,Unknown,71100.0,3400.0,1500.0
bbcnews,,bbcnews,BBC News,17100000.0,United States,61800.0,869.0,418.0
volgavideo,,volgavideo,Volga Video,17100000.0,India,2800.0,20.0,0.0
nhstudioz,,nhstudioz,NH Studioz,17100000.0,India,9600.0,66.0,1.0
miniaturebana,,miniaturebana,Miniature bana,17100000.0,India,36800.0,0.0,7.0
mashabearukraine,,mashabearukraine,Маша та Ведмідь,17100000.0,Unknown,110400.0,627.0,0.0
rs1313shorts,,rs1313shorts,RS 1313 SHORTS,17100000.0,India,26400.0,954.0,10.0
zackdfilms,,zackdfilms,Zack D. Films,17100000.0,United States,10100000.0,715000.0,4100.0
thatsamazingshorts,,thatsamazingshorts,That's Amazing Shorts,17100000.0,United States,267400.0,9200.0,189.0
juaraujo,,juaraujo,Ju Araújo,17000000.0,Brazil,28300.0,686.0,6.0
petsswag,,petsswag,pets swag,17000000.0,United States,489900.0,9100.0,71.0
caylus,,caylus,Caylus,16900000.0,United States,282900.0,8200.0,966.0
manishsahufitness47,,manishsahufitness47,Manish Sahu 47,16900000.0,India,183500.0,9900.0,114.0
themcfivecircus,,themcfivecircus,The McFive Circus,16900000.0,United States,159400.0,5000.0,76.0
nitinfreefire,,nitinfreefire,NITIN FREE FIRE,16900000.0,India,701500.0,64099.99999999999,893.0
xpresstv,,xpresstv,XpressTV,16900000.0,Mexico,952700.0,29300.0,253.0
alexarivera,,alexarivera,Alexa Rivera,16900000.0,United States,2000000.0,25700.0,2000.0
gyangaming,,gyangaming,Gyan Gamingㅤ,16900000.0,India,777800.0,45600.0,3500.0
lizakoshy,,lizakoshy,Liza Koshy,16900000.0,United States,90000.0,9100.0,221.0
guavajuice,,guavajuice,Guava Juice,16900000.0,United States,33300.0,1300.0,126.0
detoxomoroxo-oficial,,detoxomoroxo-oficial,DeToxoMoroxo,16900000.0,Mexico,179200.0,8200.0,300.0
edisonpts,,edisonpts,EdisonPts,16900000.0,Russia,1500000.0,84900.0,5000.0
gccfacts,,gccfacts,GCC Facts,16800000.0,India,93200.0,0.0,2.0
karenbustillos,,karenbustillos,Karen Bustillos,16800000.0,Mexico,347900.0,21300.0,248.0
rupalchoudharytd,,rupalchoudharytd,RupalChoudhary TD,16800000.0,India,26100.0,1100.0,15.0
boxofvengeance,,boxofvengeance,Box Of Vengeance,16800000.0,India,5500000.0,577000.0,3000.0
boyceavenue,,boyceavenue,Boyce Avenue,16800000.0,Brazil,7300.0,581.0,22.0
grandmasterjinbodhi,,grandmasterjinbodhi,Grandmaster JinBodhi Main Channel,16800000.0,Singapore,10200.0,297.0,14.0
camilacabello,,camilacabello,Camila Cabello,16700000.0,United States,39500.0,3700.0,84.0
tucosmopolis,,tucosmopolis,Tu COSMOPOLIS,16700000.0,Mexico,25700.0,1600.0,145.0
thedodo,,thedodo,The Dodo,16700000.0,United States,233900.0,11200.0,297.0
cazetv,,cazetv,CazéTV,16700000.0,Brazil,35500.0,1200.0,17.0
camilacabello,,camilacabello,Camila Cabello,16700000.0,United States,42300.0,5000.0,148.0
boxofvengeance,,boxofvengeance,Box Of Vengeance,16700000.0,India,7100000.0,750900.0,3700.0
samsmith,,samsmith,SAM SMITH,16700000.0,United States,12100.0,1200.0,44.0
minikatanastore,,minikatanastore,Mini Katana,16700000.0,United States,69200.0,3500.0,55.0
tucosmopolis,,tucosmopolis,Tu COSMOPOLIS,16700000.0,Mexico,26100.0,1600.0,147.0
adme_ru,,adme_ru,AdMe,16700000.0,Russia,12800.0,204.0,13.0
janinalchair,,janinalchair,janin al chair,16700000.0,Mexico,413600.0,41700.0,182.0
veritasium,,veritasium,Veritasium,16700000.0,United States,3400000.0,123000.0,7100.0
ideasen5minutosoficial,,ideasen5minutosoficial,IDEAS EN 5 MINUTOS,16700000.0,Mexico,7800.0,68.0,1.0
kendricklamar,,kendricklamar,Kendrick Lamar,16700000.0,United States,2900000.0,130800.00000000001,8000.0
joojnatu,,joojnatu,Jooj Natu,16700000.0,Brazil,2100000.0,165200.0,717.0
zee5,,zee5,ZEE5,16700000.0,India,1300.0,14.0,0.0
camilo,,camilo,Camilo,16700000.0,Colombia,37400.0,3600.0,81.0
sandraciresart,,sandraciresart,Sandra Cires Art,16700000.0,Colombia,357900.0,15200.0,1700.0
fitdancetv,,fitdancetv,FitDance,16700000.0,Unknown,12100.0,537.0,12.0
jagdishcomedian,,jagdishcomedian,Jagdish Comedian,16700000.0,India,622600.0,10000.0,3.0
familybooms,,familybooms,FAMILY BOOMS,16700000.0,India,60000.0,2200.0,8.0
littleglove,,littleglove,LittleGlove,16700000.0,India,194400.0,5900.0,62.0
50cent,,50cent,50 Cent,16700000.0,United States,102000.0,4500.0,505.0
infobellskannadarhymes,,infobellskannadarhymes,infobells - Kannada,16700000.0,Unknown,32500.0,92.0,0.0
teamfilmsbhojpuri,,teamfilmsbhojpuri,Team Films Bhojpuri,16700000.0,India,6900.0,113.0,9.0
mnctvofficialid,,mnctvofficialid,MNCTV OFFICIAL,16700000.0,Indonesia,1400.0,18.0,0.0
kalebandri,,kalebandri,Kaleb Andri,16600000.000000002,Indonesia,76300.0,6200.0,57.0
soytionestor,,soytionestor,El Tío Néstor,16600000.000000002,Mexico,109100.0,7900.0,95.0
gabrielmiranda_ofc,,gabrielmiranda_ofc,Gabrielmiranda_ofc,16600000.000000002,Brazil,2400000.0,48400.0,43.0
pokemonindonesiaofficial,,pokemonindonesiaofficial,Pokémon Indonesia,16600000.000000002,Indonesia,26100.0,0.0,0.0
alarabiya,,alarabiya,AlArabiya العربية,16500000.0,Morocco,3300.0,46.0,5.0
indorephysicalacademy.,,indorephysicalacademy.,Indore Physical Academy,16500000.0,India,7800.0,456.0,26.0
jtcasey,,jtcasey,JT Casey,16500000.0,United States,35500.0,1500.0,27.0
antrax,,antrax,Antrax,16500000.0,Mexico,26100.0,1200.0,45.0
compot,,compot,Compot,16500000.0,Russia,693400.0,26800.0,1700.0
lukedavidson81,,lukedavidson81,Luke Davidson,16500000.0,United States,1500000.0,88600.0,559.0
tondegamer,,tondegamer,Tonde Gamer,16500000.0,India,1300000.0,87300.0,2700.0
thaich8,,thaich8,ช่อง8 : Thai Ch8,16500000.0,Thailand,26600.0,550.0,11.0
game9bit,,game9bit,Game9bit,16500000.0,Indonesia,30500.0,2200.0,5.0
kerajinan5-menit,,kerajinan5-menit,Kerajinan 5-Menit,16399999.999999998,Indonesia,4300.0,29.0,1.0
littleangelbrasil,,littleangelbrasil,Little Angel - Músicas Infantis em Português,16399999.999999998,Unknown,92700.0,184.0,0.0
priya06biswas,,priya06biswas,Priya biswas,16399999.999999998,India,64200.0,2800.0,9.0
briannayt,,briannayt,Brianna,16399999.999999998,United States,1200000.0,35900.0,439.0
ethanfunnyfamily,,ethanfunnyfamily,Ethan Funny Family,16399999.999999998,United States,302400.0,9700.0,17.0
kidstvindia,,kidstvindia,Kids TV India Hindi Nursery Rhymes,16399999.999999998,Unknown,41700.0,1100.0,0.0
jjolatunji,,jjolatunji,JJ Olatunji,16399999.999999998,United States,1400000.0,81100.0,2500.0
mattstonie,,mattstonie,Matt Stonie,16399999.999999998,United States,493500.0,30700.0,2100.0
elgonzok,,elgonzok,GONZOK,16399999.999999998,Mexico,6800000.0,392100.0,2400.0
henriqueejuliano,,henriqueejuliano,Henrique e Juliano,16399999.999999998,Brazil,3000000.0,32100.0,465.0
crazyfrog,,crazyfrog,Crazy Frog,16300000.0,United States,294000.0,5100.0,52.0
sumonstunts,,sumonstunts,Sumon Stunts,16300000.0,India,21500.0,488.0,3.0
supermaxim,,supermaxim,Super Max,16300000.0,Russia,326900.0,5400.0,2.0
sumonstunts,,sumonstunts,Sumon Stunts,16300000.0,India,23100.0,488.0,3.0
mobilelegends5v5moba,,mobilelegends5v5moba,Mobile Legends: Bang Bang,16300000.0,Indonesia,78200.0,1600.0,39.0
genierock,,genierock,Genierock,16300000.0,Thailand,41700.0,1500.0,39.0
osratouna,,osratouna,Osratouna tv - قناة أسرتنا,16300000.0,Unknown,602200.0,2800.0,0.0
bibotoysrus,,bibotoysrus,BIBO и Игрушки,16300000.0,Unknown,27100.0,0.0,0.0
aadishaktifilms,,aadishaktifilms,Aadishakti Films,16300000.0,Unknown,697.0,32.0,0.0
natupuboldi,,natupuboldi,Natupuboldi,16300000.0,Argentina,1100000.0,82300.0,703.0
ppextras,,ppextras,ExtraPolinesios,16300000.0,Mexico,109800.0,10900.0,261.0
hongyuasmr,,hongyuasmr,Hongyu ASMR 홍유,16300000.0,United States,157300.0,2400.0,53.0
prestonplayz,,prestonplayz,PrestonPlayz,16300000.0,United States,1200000.0,20600.0,2500.0
5mcarabic,,5mcarabic,حِرف إبداعية في 5 دقائق,16300000.0,Egypt,9600.0,57.0,2.0
penguinz0,,penguinz0,penguinz0,16300000.0,United States,1000000.0,38500.0,2700.0
oscarsfunnyworld,,oscarsfunnyworld,Oscar's Funny World,16300000.0,United States,1200000.0,15700.0,26.0
pritamyadavofficial95,,pritamyadavofficial95,Pritam Yadav Official,16200000.0,India,7200.0,258.0,63.0
sibocil_bocahcilik,,sibocil_bocahcilik,Si Bocil - Bocah Cilik,16200000.0,Indonesia,256500.0,4500.0,12.0
desigamers_,,desigamers_,Desi Gamers,16200000.0,India,1700000.0,117100.0,3700.0
zeetvtelugu,,zeetvtelugu,Zee Telugu,16200000.0,India,8900.0,154.0,0.0
shongxxbong,,shongxxbong,SHoNgxBоNg,16100000.000000002,Saudi Arabia,1800000.0,145300.0,2400.0
robtopgames,,robtopgames,RobTopGames,16100000.000000002,United States,142700.0,15100.0,2900.0
lokeshgamer,,lokeshgamer,LOKESH GAMER,16100000.000000002,India,102100.0,7800.0,439.0
houseofhighlights,,houseofhighlights,House of Highlights,16100000.000000002,United States,31900.0,1300.0,29.0
mcdivertida,,mcdivertida,MC Divertida,16100000.000000002,Unknown,228100.0,830.0,0.0
5minutecraftsfamily,,5minutecraftsfamily,5-Minute Crafts FAMILY,16100000.000000002,India,6100.0,58.0,2.0
yarookmalik22,,yarookmalik22,Yarook_Malik22,16100000.000000002,India,95300.0,5200.0,17.0
linustechtips,,linustechtips,Linus Tech Tips,16100000.000000002,United States,1200000.0,45400.0,2500.0
comeplaywithme,,comeplaywithme,Come Play With Me,16100000.000000002,Unknown,616900.0,3600.0,0.0
crashcourse,,crashcourse,CrashCourse,16100000.000000002,United States,63900.0,4100.0,72.0
monilinafamily,,monilinafamily,MoniLina,16000000.0,India,354600.0,11900.0,15.0
talkingfriends,,talkingfriends,Talking Tom & Friends TV,16000000.0,United States,10400.0,60.0,0.0
aylilu,,aylilu,AYLILU,16000000.0,Mexico,11500.0,230.0,5.0
gmanews,,gmanews,GMA Integrated News,16000000.0,Philippines,2000.0,20.0,2.0
daftarpopuler,,daftarpopuler,Daftar Populer,15900000.0,Indonesia,48200.0,756.0,53.0
xdschool,,xdschool,XDSchool,15900000.0,United States,49600.0,2100.0,2.0
saregamahumbhojpuri,,saregamahumbhojpuri,Saregama Hum Bhojpuri,15900000.0,India,93900.0,2200.0,114.0
chotaalivlogs,,chotaalivlogs,Chota Ali vlogs,15900000.0,Pakistan,182100.0,6100.0,220.0
telemundo,,telemundo,Telemundo,15900000.0,Argentina,17700.0,201.0,7.0
realmadrid,,realmadrid,Real Madrid,15900000.0,United States,129100.0,13400.0,245.0
playstation,,playstation,PlayStation,15900000.0,United States,31400.0,1100.0,110.0
rottentomatoestrailers,,rottentomatoestrailers,Rotten Tomatoes Trailers,15900000.0,United States,21800.0,394.0,38.0
oreinoinfantil,,oreinoinfantil,O Reino Infantil,15900000.0,Unknown,34100.0,117.0,0.0
karameeshchannel,,karameeshchannel,karameeshchannel,15900000.0,Unknown,62100.0,274.0,0.0
cokestudio,,cokestudio,Coke Studio Pakistan,15900000.0,Pakistan,2500.0,120.0,3.0
lunomosik,,lunomosik,Луномосик,15900000.0,Russia,1100000.0,25500.0,1300.0
nobrutv,,nobrutv,NOBRU,15900000.0,Brazil,209600.0,16500.0,101.0
daveandava,,daveandava,Dave and Ava - Nursery Rhymes and Baby Songs,15900000.0,Unknown,105600.0,302.0,0.0
mistihappylifestyle,,mistihappylifestyle,Misti Happy Lifestyle Games & Shorts,15900000.0,India,817700.0,0.0,4.0
makiman131,,makiman131,Makiman131,15900000.0,Spain,143400.0,5200.0,192.0
acenix,,acenix,Acenix,15900000.0,Mexico,1400000.0,19000.0,777.0
drjrecordsspecials,,drjrecordsspecials,DRJ Records Specials,15900000.0,India,4700.0,22.0,0.0
zeetamil,,zeetamil,Zee Tamil,15800000.0,India,9800.0,177.0,1.0
goldminespremiere,,goldminespremiere,Goldmines Premiere,15800000.0,Unknown,4300.0,68.0,0.0
littletreehousenurseryrhymes,,littletreehousenurseryrhymes,Little Treehouse Nursery Rhymes and Kids Songs,15800000.0,Unknown,121300.0,2900.0,0.0
a4actors,,a4actors,Vishal Rajput Official,15800000.0,Unknown,5000000.0,166600.0,103.0
dianaromaind,,dianaromaind,Diana and Roma IND,15800000.0,Unknown,70500.0,93.0,0.0
monsta,,monsta,Monsta,15800000.0,Indonesia,93100.0,4600.0,51.0
ranwafamilyofficial,,ranwafamilyofficial,Ranwa Family,15800000.0,India,682500.0,9900.0,2.0
zncoficial,,zncoficial,Zé Neto e Cristiano,15700000.0,Brazil,8400.0,908.0,25.0
jeffreestar,,jeffreestar,jeffreestar,15700000.0,United States,357500.0,24300.0,2000.0
nianaguerrero,,nianaguerrero,Niana Guerrero,15700000.0,Philippines,436400.0,14900.0,875.0
mythpat,,mythpat,Mythpat,15700000.0,India,2200000.0,82300.0,7400.0
woodyandkleiny,,woodyandkleiny,Woody & Kleiny,15700000.0,United States,178900.0,0.0,61.0
tseriesregional,,tseriesregional,T-Series Regional,15700000.0,India,92100.0,629.0,47.0
factyt01,,factyt01,Fact YT,15700000.0,India,57000.0,0.0,16.0
wigofellas,,wigofellas,WigoFellas,15700000.0,United States,329900.0,7500.0,167.0
gmm25thailand,,gmm25thailand,GMM25Thailand,15700000.0,Thailand,1300.0,26.0,0.0
zigandsharko,,zigandsharko,Zig & Sharko,15700000.0,Unknown,80000.0,563.0,0.0
nicothepomeranian,,nicothepomeranian,Nico_thepomeranian,15700000.0,Unknown,809000.0,11000.0,23.0
englishconnectionbykanchan,,englishconnectionbykanchan,English Connection,15700000.0,India,109300.0,6400.0,125.0
camilaloures,,camilaloures,Camila Loures,15700000.0,Brazil,326900.0,19700.0,398.0
maloucos,,maloucos,MALOUCOS,15700000.0,Brazil,207200.0,8500.0,0.0
alianaskhan,,alianaskhan,Ali Anas Khan,15600000.0,India,135800.0,6600.0,16.0
airrack,,airrack,Airrack,15500000.0,United States,1800000.0,75800.0,244.0
leagueoflegends,,leagueoflegends,League of Legends,15500000.0,United States,88200.0,4200.0,100.0
ravindra_bharti_official,,ravindra_bharti_official,Empower India-Business & Social By Ravindra Bharti,15500000.0,India,410.0,10.0,0.0
spizee,,spizee,Spizee,15500000.0,United States,2200000.0,80700.0,773.0
teremoktv,,teremoktv,Теремок ТВ,15500000.0,Unknown,61100.0,93.0,0.0
albumcreations5437,,albumcreations5437,ALBUM CREATIONS,15500000.0,India,389000.0,0.0,38.0
raptorgamer,,raptorgamer,RaptorGamer,15500000.0,Mexico,20300.0,2000.0,149.0
5minutecraftsrecycle,,5minutecraftsrecycle,5-Minute Crafts Recycle,15500000.0,India,15500.0,346.0,0.0
oquenaodizeroficial,,oquenaodizeroficial,O Que Não Dizer Oficial,15500000.0,Brazil,83600.0,10500.0,66.0
shadab5star,,shadab5star,shadab5star,15500000.0,India,174900.0,10900.0,42.0
talesbento,,talesbento,Tales Bento,15500000.0,Brazil,39100.0,890.0,5.0
atro55,,atro55,أترو/Atro,15500000.0,Iraq,275900.0,33200.0,4700.0
doctops,,doctops,Doc Tops,15500000.0,Mexico,812900.0,23400.0,870.0
typicalgamer,,typicalgamer,Typical Gamer,15500000.0,United States,373800.0,5800.0,293.0
caeliyt,,caeliyt,Caeli YT,15400000.0,Unknown,7600.0,343.0,44.0
aadishorts1m,,aadishorts1m,Aadishorts 1M,15400000.0,India,17600.0,0.0,6.0
vivekbhardwajyoutube,,vivekbhardwajyoutube,Vivek Bhardwaj,15400000.0,India,34700.0,0.0,2.0
murliwalehausla,,murliwalehausla,Murliwale Hausla,15400000.0,India,111200.0,3700.0,97.0
chuyminevt,,chuyminevt,ChuyMineVt,15300000.0,Mexico,868800.0,56400.0,46.0
fabru_blacutt,,fabru_blacutt,Fabru Blacutt,15300000.0,Argentina,47900.0,4300.0,169.0
oyuncakavi-oyku,,oyuncakavi-oyku,Oyuncak Avı,15300000.0,Unknown,31900.0,342.0,4.0
auron,,auron,Auron,15300000.0,Mexico,1100000.0,57400.0,1200.0
gustavoparodiasoficial,,gustavoparodiasoficial,Gustavo Paródias,15300000.0,Brazil,20600.0,757.0,8.0
pinkfong_español,,pinkfong_español,Pinkfong en español - Canciones Infantiles,15300000.0,Unknown,110800.0,118.0,0.0
codiscos,,codiscos,Codiscos,15300000.0,Unknown,21900.0,295.0,10.0
troomtroomru,,troomtroomru,Трум Трум,15300000.0,Unknown,24600.0,264.0,19.0
aldisputra,,aldisputra,ALDIS Putra,15300000.0,Indonesia,22800.0,1000.0,12.0
likenastya_stories,,likenastya_stories,Like Nastya Stories,15300000.0,Unknown,23600.0,53.0,0.0
peppapigportuguesoficial,,peppapigportuguesoficial,Peppa Pig em Português Brasil - Canal Oficial,15300000.0,Unknown,338900.0,2400.0,0.0
blockbustermovies7960,,blockbustermovies7960,Blockbuster Movies,15300000.0,India,3100.0,34.0,1.0
ranzkyle,,ranzkyle,Ranz Kyle,15300000.0,Philippines,107900.0,3700.0,95.0
familyfitnesschannel,,familyfitnesschannel,Family Fitness,15300000.0,India,122500.0,6000.0,63.0
narobeauty,,narobeauty,Narins Beauty,15300000.0,Iraq,4500000.0,268500.0,7300.0
ppmussas,,ppmussas,Musas,15300000.0,Mexico,214300.0,26300.0,1000.0
adhemz,,adhemz,Adhemz,15300000.0,United States,73300.0,3600.0,35.0
newsnationtv,,newsnationtv,News Nation,15300000.0,India,1700.0,20.0,0.0
mariale,,mariale,Mariale,15300000.0,Mexico,4800.0,328.0,10.0
kwebbelkop,,kwebbelkop,Kwebbelkop,15300000.0,United States,4400.0,187.0,8.0
meghantrainor,,meghantrainor,Meghan Trainor,15300000.0,United States,6400.0,306.0,24.0
lachlan,,lachlan,Lachlan,15300000.0,United States,866200.0,27200.0,293.0
jorgeemateus,,jorgeemateus,Jorge & Mateus Oficial,15300000.0,Brazil,152100.0,5500.0,545.0
kidssmiletv,,kidssmiletv,Kids smile TV,15200000.0,Unknown,119000.0,3500.0,0.0
khwahishgal,,khwahishgal,Khwahish Gal,15100000.0,India,512700.00000000006,23200.0,98.0
kingofcubers,,kingofcubers,King of Cubers,15100000.0,India,74500.0,3300.0,35.0
hacksmith,,hacksmith,Hacksmith Industries,15100000.0,United States,109500.0,4600.0,64.0
dr.aniruddhacharyajimaharaj,,dr.aniruddhacharyajimaharaj,Aniruddhacharya ji,15100000.0,India,39700.0,1300.0,92.0
spiderbritto,,spiderbritto,Spiderbritto,15100000.0,Brazil,55800.0,2000.0,8.0
theslowmoguys,,theslowmoguys,The Slow Mo Guys,15100000.0,United States,225300.0,25100.0,1200.0
wishfm1075official,,wishfm1075official,Wish 107.5,15100000.0,Philippines,21600.0,508.0,43.0
عائلة.ابو.رعد2,,عائلة.ابو.رعد2,عائلة ابو رعد للمنوعات,15100000.0,India,88300.0,1600.0,5.0
livcomedy,,livcomedy,LIV Comedy,15100000.0,India,4500.0,46.0,2.0
wildnout,,wildnout,Wild 'N Out,15100000.0,United States,88300.0,3600.0,71.0
bokyemtv,,bokyemtv,BokyemTV BK,15100000.0,United States,1300000.0,79600.0,38700.0
vogue,,vogue,Vogue,15100000.0,United States,69000.0,3000.0,42.0
quantumtech,,quantumtech,Quantum Tech HD,15100000.0,United States,489100.0,4000.0,123.0
lordahmed3d,,lordahmed3d,LORD Ahmed,15100000.0,Morocco,44200.0,1400.0,12.0
jojosim,,jojosim,Jojo Sim,15100000.0,United States,98400.0,3900.0,10.0
spdnoo1,,spdnoo1,SpriteDer SPD,15100000.0,Thailand,356000.0,11900.0,164.0
koushalmonga,,koushalmonga,Koushal Monga,15100000.0,India,188000.0,4800.0,24.0
jugnukidsvideos,,jugnukidsvideos,Jugnu Kids - Nursery Rhymes and Best Baby Songs,15100000.0,Unknown,104200.0,1300.0,0.0
moonbugkids_singalongwithme,,moonbugkids_singalongwithme,Moonbug Kids - Sing Along With Me!,15100000.0,Unknown,33500.0,79.0,0.0
farjanadrawingacademy,,farjanadrawingacademy,Farjana Drawing Academy,15100000.0,India,153000.0,8100.0,209.0
itowngameplay,,itowngameplay,iTownGamePlay *Terror&Diversión*,15100000.0,Mexico,23100.0,1600.0,99.0
mercuri_88,,mercuri_88,mercuri_88,15100000.0,United States,33300.0,2300.0,48.0
tommyinnit,,tommyinnit,TommyInnit,15100000.0,United States,405900.0,51600.0,2800.0
hajimesyacho,,hajimesyacho,はじめしゃちょー（hajime）,15100000.0,Japan,614200.0,17100.0,306.0
botnetwork,,botnetwork,BOT NETWORK,15100000.0,India,3600.0,795.0,900.0
etvjabardasth,,etvjabardasth,ETV Jabardasth,15100000.0,India,46900.0,937.0,1.0
factsmine,,factsmine,Facts' Mine,15100000.0,India,5600000.0,648200.0,1200.0
chadwildclay,,chadwildclay,Chad Wild Clay,15100000.0,United States,798000.0,11300.0,2600.0
saturdaynightlive,,saturdaynightlive,Saturday Night Live,15100000.0,United States,1200000.0,21600.0,979.0
prantoniojunior,,prantoniojunior,Pastor Antônio Júnior,15100000.0,Brazil,97700.0,14700.0,1100.0
chuchutvhindi,,chuchutvhindi,ChuChuTV Hindi,15100000.0,Unknown,367100.0,7900.0,0.0
atlanticrecords,,atlanticrecords,Atlantic Records,15000000.0,United States,3700.0,148.0,8.0
windahbasudara,,windahbasudara,Windah Basudara,15000000.0,Indonesia,868300.0,33200.0,1200.0
chuuymine,,chuuymine,ChuuyMine,15000000.0,Mexico,787200.0,11900.0,1300.0
dangmattsmith,,dangmattsmith,DangMattSmith,14900000.0,Unknown,55100.0,2500.0,398.0
jackdohertyy,,jackdohertyy,Jack Doherty,14900000.0,United States,179600.0,4800.0,442.0
aljazeeraenglish,,aljazeeraenglish,Al Jazeera English,14900000.0,United States,9200.0,289.0,74.0
jackdohertyy,,jackdohertyy,Jack Doherty,14900000.0,United States,140200.0,4000.0,453.0
chuuymine,,chuuymine,ChuuyMine,14900000.0,Mexico,772000.0,12600.0,1400.0
cafemusicbgmchannel,,cafemusicbgmchannel,Cafe Music BGM channel,14900000.0,United States,5600.0,209.0,1.0
5minutecraftslike,,5minutecraftslike,5-Minute Crafts LIKE,14900000.0,India,33700.0,787.0,2.0
dropout,,dropout,Dropout,14900000.0,United States,58100.0,2300.0,78.0
windahbasudara,,windahbasudara,Windah Basudara,14900000.0,Indonesia,932800.0,32900.0,1200.0
nostalgia,,nostalgia,Canal Nostalgia,14900000.0,Unknown,302600.0,31400.0,868.0
kiryakolesnikov,,kiryakolesnikov,Kirya Kolesnikov,14900000.0,United States,19900.0,822.0,4.0
bibotoyskor,,bibotoyskor,BIBO와 장난감,14900000.0,Unknown,21300.0,39.0,0.0
therichest,,therichest,TheRichest,14900000.0,United States,3200.0,98.0,8.0
nachitojuegajuegos,,nachitojuegajuegos,NachitoJuegaJuegos,14900000.0,Chile,77200.0,3500.0,98.0
vyrloriginals,,vyrloriginals,VYRLOriginals,14900000.0,India,14400.0,430.0,16.0
cleoycuquin,,cleoycuquin,Cleo y Cuquin - Canciones infantiles,14900000.0,Unknown,90000.0,1600.0,0.0
itsmeissie,,itsmeissie,itsmeissie,14900000.0,Indonesia,1600000.0,64000.0,936.0
tvanaemilia,,tvanaemilia,TV Ana Emilia,14900000.0,Mexico,43300.0,2000.0,94.0
matispano_,,matispano_,Mati Spano,14900000.0,Argentina,450900.0,28400.0,200.0
heybrandonb,,heybrandonb,Brandon B,14900000.0,United States,4700000.0,77100.0,158.0
martingarrix,,martingarrix,Martin Garrix,14900000.0,United States,50000.0,4300.0,147.0
facts806,,facts806,حقائق وأسرار,14900000.0,Egypt,41600.0,884.0,28.0
sangeethkumar,,sangeethkumar,Sangeeth Kumar,14800000.0,India,1600000.0,144400.0,438.0
neagle,,neagle,Neagle,14800000.0,Brazil,1900000.0,115700.0,154.0
hariyo,,hariyo,Hariyo Ardhito,14800000.0,Indonesia,119500.0,4000.0,30.0
greatindianasmr,,greatindianasmr,Great Indian Asmr,14800000.0,India,2300000.0,196900.0,533.0
boramtubetoysreview9575,,boramtubetoysreview9575,Boram Tube ToysReview [보람튜브 토이리뷰],14700000.0,Unknown,8900.0,43.0,0.0
heidiandzidaneesp,,heidiandzidaneesp,Heidi y Zidane,14700000.0,Unknown,21400.0,282.0,0.0
sonotekbhakti,,sonotekbhakti,Sonotek Bhakti,14700000.0,India,8900.0,121.0,12.0
bietheska,,bietheska,Bie The Ska,14700000.0,Thailand,40800.0,1300.0,14.0
trakintech,,trakintech,Trakin Tech,14700000.0,India,345300.0,17700.0,708.0
sulgiyang,,sulgiyang,설기양SULGI,14700000.0,United States,382300.0,6800.0,301.0
nickjrespanol,,nickjrespanol,Nick Jr. en Español,14700000.0,Unknown,242700.0,1100.0,0.0
secretvlog,,secretvlog,Secret Vlog,14700000.0,Unknown,120900.0,2000.0,1.0
technologygyan,,technologygyan,Technology Gyan,14700000.0,India,450400.0,30300.0,1500.0
ak_ultra,,ak_ultra,Ak Ultra,14700000.0,Pakistan,242400.0,0.0,5.0
lofigirl,,lofigirl,Lofi Girl,14700000.0,United States,90300.0,4700.0,155.0
tvonenews,,tvonenews,tvOneNews,14700000.0,Indonesia,1900.0,21.0,5.0
officialpoojapramod,,officialpoojapramod,official Pooja Pramod,14700000.0,India,174100.0,3700.0,2.0
mymatenate,,mymatenate,My Mate Nate,14700000.0,Thailand,1100000.0,26600.0,1100.0
nikkietutorials,,nikkietutorials,NikkieTutorials,14700000.0,United States,84500.0,8100.0,73.0
theinfographicsshow,,theinfographicsshow,The Infographics Show,14700000.0,United States,132000.0,3100.0,260.0
ohiofinalboss.,,ohiofinalboss.,OHIOBOSS SATOYU,14700000.0,United States,1200000.0,39600.0,215.0
rosannapansino,,rosannapansino,Rosanna Pansino,14700000.0,United States,106200.0,5300.0,397.0
janesergo,,janesergo,Jane & Sergio 🥰,14700000.0,United States,26000.0,512.0,2.0
leostudy_,,leostudy_,Leo Study,14700000.0,Mexico,817000.0,44900.0,495.0
righttoshiksha,,righttoshiksha,Right to Shiksha,14700000.0,India,249100.0,30300.0,92.0
akon,,akon,Akon,14600000.0,Brazil,7100.0,886.0,36.0
cherylantoinette,,cherylantoinette,Cheryl Antoinette,14600000.0,Indonesia,86000.0,2000.0,11.0
nishamadhulika,,nishamadhulika,NishaMadhulika,14600000.0,India,113000.0,3300.0,572.0
familygamesmedia,,familygamesmedia,Family Games Media,14600000.0,India,303400.0,8800.0,12.0
5-minutecraftsshorts,,5-minutecraftsshorts,5-Minute Crafts SHORTS,14500000.0,India,42400.0,1300.0,4.0
abpmajhatv,,abpmajhatv,ABP MAJHA,14500000.0,India,10000.0,118.0,5.0
